Workbook

Sheet 📥 Respostas
A1: 📥 RESPOSTAS – Cole aqui os dados exportados do formulário
A2: Cole a partir da célula A3 incluindo os cabeçalhos. Setor deve estar na coluna D. Escala: Sempre / Frequentemente / Às vezes / Raramente / Nunca/Quase nunca
A3: Carimbo data/hora | B3: Pontuação | C3: Cargo / Função | D3: Setor | E3: Tempo na empresa | F3: Horas semanais | G3: Carga de trabalho mal distribuída | H3: Sem tempo para completar tarefas | I3: Necessidade de trabalhar rapidamente | J3: Trabalho exige atenção constante | K3: Trabalho exige decisões difíceis | L3: Trabalho exige emocionalmente | M3: Grau de influência no trabalho | N3: Trabalho exige iniciativa | O3: Trabalho permite aprender coisas novas | P3: Informado sobre decisões importantes | Q3: Recebe info necessária para trabalhar bem | R3: Sabe exatamente suas responsabilidades | S3: Reconhecimento pela gerência | T3: Tratamento justo no trabalho | U3: Ajuda e apoio do superior imediato | V3: Bom ambiente entre colegas | W3: Oportunidades de desenvolvimento | X3: Qualidade no planejamento (gestão) | Y3: Gerência confia nos funcionários | Z3: Confia nas informações da gerência | AA3: Conflitos resolvidos com justiça | AB3: Trabalho distribuído igualmente | AC3: Autoeficácia – resolve problemas | AD3: Significado do trabalho | AE3: Sente que o trabalho é importante | AF3: Identifica-se com os problemas da empresa | AG3: Satisfação global com o trabalho | AH3: Preocupação em ficar desempregado | AI3: Saúde geral percebida | AJ3: Trabalho afeta vida privada (energia) | AK3: Trabalho afeta vida privada (tempo) | AL3: Insônia / acorda durante a noite | AM3: Exaustão física | AN3: Exaustão emocional | AO3: Irritabilidade | AP3: Ansiedade | AQ3: Tristeza | AR3: Insultos ou provocações verbais | AS3: Assédio sexual indesejado | AT3: Ameaças de violência | AU3: Violência física

Sheet ⚙️ Config
A1: ⚙️ TABELA DE CONFIGURAÇÃO – Conversão de Escala
A3: Resposta Textual | B3: Score (1–5) | C3: Saúde – Resposta | D3: Score (1–5) | F3: Código | G3: Fator | H3: Questão (label curto) | I3: Coluna Respostas | J3: Direção (N/P/H)
A4: Sempre | B4: 5 | C4: Excelente | D4: 5 | F4: EL01 | G4: Exigência Laboral | H4: Carga de trabalho mal distribuída | I4: G | J4: N
A5: Frequentemente | B5: 4 | C5: Muito boa | D5: 4 | F5: EL02 | G5: Exigência Laboral | H5: Sem tempo para completar tarefas | I5: H | J5: N
A6: Às vezes | B6: 3 | C6: Boa | D6: 3 | F6: EL03 | G6: Exigência Laboral | H6: Necessidade de trabalhar rapidamente | I6: I | J6: N
A7: Ás vezes | B7: 3 | C7: Razoável | D7: 2 | F7: EL04 | G7: Exigência Laboral | H7: Trabalho exige atenção constante | I7: J | J7: N
A8: Algumas vezes | B8: 3 | C8: Fraca | D8: 1 | F8: EL05 | G8: Exigência Laboral | H8: Trabalho exige decisões difíceis | I8: K | J8: N
A9: Moderadamente | B9: 3 | C9: Excelente, Muito boa | D9: 4.5 | F9: EL06 | G9: Exigência Laboral | H9: Trabalho exige emocionalmente | I9: L | J9: N
A10: Um pouco | B10: 2 | C10: Muito boa, Boa | D10: 3.5 | F10: OT07 | G10: Organização do Trabalho | H10: Grau de influência no trabalho | I10: M | J10: P
A11: Raramente | B11: 2 | C11: Excelente, Boa | D11: 4 | F11: OT08 | G11: Organização do Trabalho | H11: Trabalho exige iniciativa | I11: N | J11: P
A12: Nunca / Quase nunca | B12: 1 | F12: OT09 | G12: Organização do Trabalho | H12: Trabalho permite aprender coisas novas | I12: O | J12: P
A13: Nunca/Quase nunca | B13: 1 | F13: OT10 | G13: Organização do Trabalho | H13: Informado sobre decisões importantes | I13: P | J13: P
F14: OT11 | G14: Organização do Trabalho | H14: Recebe info necessária para trabalhar bem | I14: Q | J14: P
F15: OT12 | G15: Organização do Trabalho | H15: Sabe exatamente suas responsabilidades | I15: R | J15: P
F16: RS13 | G16: Relações Sociais e Liderança | H16: Reconhecimento pela gerência | I16: S | J16: P
F17: RS14 | G17: Relações Sociais e Liderança | H17: Tratamento justo no trabalho | I17: T | J17: P
F18: RS15 | G18: Relações Sociais e Liderança | H18: Ajuda e apoio do superior imediato | I18: U | J18: P
F19: RS16 | G19: Relações Sociais e Liderança | H19: Bom ambiente entre colegas | I19: V | J19: P
F20: RS17 | G20: Relações Sociais e Liderança | H20: Oportunidades de desenvolvimento | I20: W | J20: P
F21: RS18 | G21: Relações Sociais e Liderança | H21: Qualidade no planejamento (gestão) | I21: X | J21: P
F22: PE19 | G22: Personalidade / Valores | H22: Gerência confia nos funcionários | I22: Y | J22: P
F23: PE20 | G23: Personalidade / Valores | H23: Confia nas informações da gerência | I23: Z | J23: P
F24: PE21 | G24: Personalidade / Valores | H24: Conflitos resolvidos com justiça | I24: AA | J24: P
F25: PE22 | G25: Personalidade / Valores | H25: Trabalho distribuído igualmente | I25: AB | J25: P
... F44: CO41 | G44: Comportamentos Ofensivos | H44: Violência física | I44: AU | J44: N

Sheet 🔢 Cálculo
A1: 🔢 CONVERSÃO DE SCORE E CÁLCULO DE RISCO POR RESPONDENTE
A2: Convertido automaticamente a partir da aba Respostas. Não editar manualmente.
A3: Nº | B3: Setor | C3: Cargo | D3: EL01 Carga de trabalho mal distri | E3: EL02 Sem tempo para completar tar | F3: EL03 Necessidade de trabalhar rap | G3: EL04 Trabalho exige atenção const | H3: EL05 Trabalho exige decisões difí | I3: EL06 Trabalho exige emocionalment | J3: OT07 Grau de influência no trabal | K3: OT08 Trabalho exige iniciativa | L3: OT09 Trabalho permite aprender co | M3: OT10 Informado sobre decisões imp | N3: OT11 Recebe info necessária para | O3: OT12 Sabe exatamente suas respons | P3: RS13 Reconhecimento pela gerência | Q3: RS14 Tratamento justo no trabalho | R3: RS15 Ajuda e apoio do superior im | S3: RS16 Bom ambiente entre colegas | T3: RS17 Oportunidades de desenvolvim | U3: RS18 Qualidade no planejamento (g | V3: PE19 Gerência confia nos funcioná | W3: PE20 Confia nas informações da ge | X3: PE21 Conflitos resolvidos com jus | Y3: PE22 Trabalho distribuído igualme | Z3: PE23 Autoeficácia – resolve probl | AA3: IT24 Significado do trabalho | AB3: IT25 Sente que o trabalho é impor | AC3: IT26 Identifica-se com os problem | AD3: IT27 Satisfação global com o trab | AE3: IT28 Preocupação em ficar desempr | AF3: SB29 Saúde geral percebida | AG3: SB30 Trabalho afeta vida privada | AH3: SB31 Trabalho afeta vida privada | AI3: SB32 Insônia / acorda durante a n | AJ3: SB33 Exaustão física | AK3: SB34 Exaustão emocional | AL3: SB35 Irritabilidade | AM3: SB36 Ansiedade | AN3: SB37 Tristeza | AO3: CO38 Insultos ou provocações verb | AP3: CO39 Assédio sexual indesejado | AQ3: CO40 Ameaças de violência | AR3: CO41 Violência física
A4: =IF(ISBLANK('📥 Respostas'!D4),"",ROW()-3) | B4: ='📥 Respostas'!D4 -> 0 | C4: ='📥 Respostas'!C4 -> 0 | D4: =IFERROR(VLOOKUP(TRIM('📥 Respostas'!G4),'⚙️ Config'!$A$4:$B$13,2,0),"") | E4: =IFERROR(VLOOKUP(TRIM('📥 Respostas'!H4),'⚙️ Config'!$A$4:$B$13,2,0),"") | F4: =IFERROR(VLOOKUP(TRIM('📥 Respostas'!I4),'⚙️ Config'!$A$4:$B$13,2,0),"") | G4: =IFERROR(VLOOKUP(TRIM('📥 Respostas'!J4),'⚙️ Config'!$A$4:$B$13,2,0),"") | H4: =IFERROR(VLOOKUP(TRIM('📥 Respostas'!K4),'⚙️ Config'!$A$4:$B$13,2,0),"") | I4: =IFERROR(VLOOKUP(TRIM('📥 Respostas'!L4),'⚙️ Config'!$A$4:$B$13,2,0),"") | J4: =IFERROR(VLOOKUP(TRIM('📥 Respostas'!M4),'⚙️ Config'!$A$4:$B$13,2,0),"") | K4: =IFERROR(VLOOKUP(TRIM('📥 Respostas'!N4),'⚙️ Config'!$A$4:$B$13,2,0),"") | ... AE4: =IFERROR(VLOOKUP(TRIM('📥 Respostas'!AH4),'⚙️ Config'!$A$4:$B$13,2,0),"") | AF4: =IFERROR(VLOOKUP(TRIM('📥 Respostas'!AI4),'⚙️ Config'!$C$4:$D$11,2,0),"") | AG4: =IFERROR(VLOOKUP(TRIM('📥 Respostas'!AJ4),'⚙️ Config'!$A$4:$B$13,2,0),"") | AH4: =IFERROR(VLOOKUP(TRIM('📥 Respostas'!AK4),'⚙️ Config'!$A$4:$B$13,2,0),"") | AI4: =IFERROR(VLOOKUP(TRIM('📥 Respostas'!AL4),'⚙️ Config'!$A$4:$B$13,2,0),"") | AJ4: =IFERROR(VLOOKUP(TRIM('📥 Respostas'!AM4),'⚙️ Config'!$A$4:$B$13,2,0),"") | AK4: =IFERROR(VLOOKUP(TRIM('📥 Respostas'!AN4),'⚙️ Config'!$A$4:$B$13,2,0),"") | AL4: =IFERROR(VLOOKUP(TRIM('📥 Respostas'!AO4),'⚙️ Config'!$A$4:$B$13,2,0),"") | AM4: =IFERROR(VLOOKUP(TRIM('📥 Respostas'!AP4),'⚙️ Config'!$A$4:$B$13,2,0),"") | AN4: =IFERROR(VLOOKUP(TRIM('📥 Respostas'!AQ4),'⚙️ Config'!$A$4:$B$13,2,0),"") | ... AR4: =IFERROR(VLOOKUP(TRIM('📥 Respostas'!AU4),'⚙️ Config'!$A$4:$B$13,2,0),"")
A5: =IF(ISBLANK('📥 Respostas'!D5),"",ROW()-3) | B5: ='📥 Respostas'!D5 -> 0 | C5: ='📥 Respostas'!C5 -> 0 | D5: =IFERROR(VLOOKUP(TRIM('📥 Respostas'!G5),'⚙️ Config'!$A$4:$B$13,2,0),"") | E5: =IFERROR(VLOOKUP(TRIM('📥 Respostas'!H5),'⚙️ Config'!$A$4:$B$13,2,0),"") | F5: =IFERROR(VLOOKUP(TRIM('📥 Respostas'!I5),'⚙️ Config'!$A$4:$B$13,2,0),"") | G5: =IFERROR(VLOOKUP(TRIM('📥 Respostas'!J5),'⚙️ Config'!$A$4:$B$13,2,0),"") | H5: =IFERROR(VLOOKUP(TRIM('📥 Respostas'!K5),'⚙️ Config'!$A$4:$B$13,2,0),"") | I5: =IFERROR(VLOOKUP(TRIM('📥 Respostas'!L5),'⚙️ Config'!$A$4:$B$13,2,0),"") | J5: =IFERROR(VLOOKUP(TRIM('📥 Respostas'!M5),'⚙️ Config'!$A$4:$B$13,2,0),"") | K5: =IFERROR(VLOOKUP(TRIM('📥 Respostas'!N5),'⚙️ Config'!$A$4:$B$13,2,0),"") | ... AE5: =IFERROR(VLOOKUP(TRIM('📥 Respostas'!AH5),'⚙️ Config'!$A$4:$B$13,2,0),"") | AF5: =IFERROR(VLOOKUP(TRIM('📥 Respostas'!AI5),'⚙️ Config'!$C$4:$D$11,2,0),"") | AG5: =IFERROR(VLOOKUP(TRIM('📥 Respostas'!AJ5),'⚙️ Config'!$A$4:$B$13,2,0),"") | AH5: =IFERROR(VLOOKUP(TRIM('📥 Respostas'!AK5),'⚙️ Config'!$A$4:$B$13,2,0),"") | AI5: =IFERROR(VLOOKUP(TRIM('📥 Respostas'!AL5),'⚙️ Config'!$A$4:$B$13,2,0),"") | AJ5: =IFERROR(VLOOKUP(TRIM('📥 Respostas'!AM5),'⚙️ Config'!$A$4:$B$13,2,0),"") | AK5: =IFERROR(VLOOKUP(TRIM('📥 Respostas'!AN5),'⚙️ Config'!$A$4:$B$13,2,0),"") | AL5: =IFERROR(VLOOKUP(TRIM('📥 Respostas'!AO5),'⚙️ Config'!$A$4:$B$13,2,0),"") | AM5: =IFERROR(VLOOKUP(TRIM('📥 Respostas'!AP5),'⚙️ Config'!$A$4:$B$13,2,0),"") | AN5: =IFERROR(VLOOKUP(TRIM('📥 Respostas'!AQ5),'⚙️ Config'!$A$4:$B$13,2,0),"") | ... AR5: =IFERROR(VLOOKUP(TRIM('📥 Respostas'!AU5),'⚙️ Config'!$A$4:$B$13,2,0),"")
A6: =IF(ISBLANK('📥 Respostas'!D6),"",ROW()-3) | B6: ='📥 Respostas'!D6 -> 0 | C6: ='📥 Respostas'!C6 -> 0 | D6: =IFERROR(VLOOKUP(TRIM('📥 Respostas'!G6),'⚙️ Config'!$A$4:$B$13,2,0),"") | E6: =IFERROR(VLOOKUP(TRIM('📥 Respostas'!H6),'⚙️ Config'!$A$4:$B$13,2,0),"") | F6: =IFERROR(VLOOKUP(TRIM('📥 Respostas'!I6),'⚙️ Config'!$A$4:$B$13,2,0),"") | G6: =IFERROR(VLOOKUP(TRIM('📥 Respostas'!J6),'⚙️ Config'!$A$4:$B$13,2,0),"") | H6: =IFERROR(VLOOKUP(TRIM('📥 Respostas'!K6),'⚙️ Config'!$A$4:$B$13,2,0),"") | I6: =IFERROR(VLOOKUP(TRIM('📥 Respostas'!L6),'⚙️ Config'!$A$4:$B$13,2,0),"") | J6: =IFERROR(VLOOKUP(TRIM('📥 Respostas'!M6),'⚙️ Config'!$A$4:$B$13,2,0),"") | K6: =IFERROR(VLOOKUP(TRIM('📥 Respostas'!N6),'⚙️ Config'!$A$4:$B$13,2,0),"") | ... AE6: =IFERROR(VLOOKUP(TRIM('📥 Respostas'!AH6),'⚙️ Config'!$A$4:$B$13,2,0),"") | AF6: =IFERROR(VLOOKUP(TRIM('📥 Respostas'!AI6),'⚙️ Config'!$C$4:$D$11,2,0),"") | AG6: =IFERROR(VLOOKUP(TRIM('📥 Respostas'!AJ6),'⚙️ Config'!$A$4:$B$13,2,0),"") | AH6: =IFERROR(VLOOKUP(TRIM('📥 Respostas'!AK6),'⚙️ Config'!$A$4:$B$13,2,0),"") | AI6: =IFERROR(VLOOKUP(TRIM('📥 Respostas'!AL6),'⚙️ Config'!$A$4:$B$13,2,0),"") | AJ6: =IFERROR(VLOOKUP(TRIM('📥 Respostas'!AM6),'⚙️ Config'!$A$4:$B$13,2,0),"") | AK6: =IFERROR(VLOOKUP(TRIM('📥 Respostas'!AN6),'⚙️ Config'!$A$4:$B$13,2,0),"") | AL6: =IFERROR(VLOOKUP(TRIM('📥 Respostas'!AO6),'⚙️ Config'!$A$4:$B$13,2,0),"") | AM6: =IFERROR(VLOOKUP(TRIM('📥 Respostas'!AP6),'⚙️ Config'!$A$4:$B$13,2,0),"") | AN6: =IFERROR(VLOOKUP(TRIM('📥 Respostas'!AQ6),'⚙️ Config'!$A$4:$B$13,2,0),"") | ... AR6: =IFERROR(VLOOKUP(TRIM('📥 Respostas'!AU6),'⚙️ Config'!$A$4:$B$13,2,0),"")
A7: =IF(ISBLANK('📥 Respostas'!D7),"",ROW()-3) | B7: ='📥 Respostas'!D7 -> 0 | C7: ='📥 Respostas'!C7 -> 0 | D7: =IFERROR(VLOOKUP(TRIM('📥 Respostas'!G7),'⚙️ Config'!$A$4:$B$13,2,0),"") | E7: =IFERROR(VLOOKUP(TRIM('📥 Respostas'!H7),'⚙️ Config'!$A$4:$B$13,2,0),"") | F7: =IFERROR(VLOOKUP(TRIM('📥 Respostas'!I7),'⚙️ Config'!$A$4:$B$13,2,0),"") | G7: =IFERROR(VLOOKUP(TRIM('📥 Respostas'!J7),'⚙️ Config'!$A$4:$B$13,2,0),"") | H7: =IFERROR(VLOOKUP(TRIM('📥 Respostas'!K7),'⚙️ Config'!$A$4:$B$13,2,0),"") | I7: =IFERROR(VLOOKUP(TRIM('📥 Respostas'!L7),'⚙️ Config'!$A$4:$B$13,2,0),"") | J7: =IFERROR(VLOOKUP(TRIM('📥 Respostas'!M7),'⚙️ Config'!$A$4:$B$13,2,0),"") | K7: =IFERROR(VLOOKUP(TRIM('📥 Respostas'!N7),'⚙️ Config'!$A$4:$B$13,2,0),"") | ... AE7: =IFERROR(VLOOKUP(TRIM('📥 Respostas'!AH7),'⚙️ Config'!$A$4:$B$13,2,0),"") | AF7: =IFERROR(VLOOKUP(TRIM('📥 Respostas'!AI7),'⚙️ Config'!$C$4:$D$11,2,0),"") | AG7: =IFERROR(VLOOKUP(TRIM('📥 Respostas'!AJ7),'⚙️ Config'!$A$4:$B$13,2,0),"") | AH7: =IFERROR(VLOOKUP(TRIM('📥 Respostas'!AK7),'⚙️ Config'!$A$4:$B$13,2,0),"") | AI7: =IFERROR(VLOOKUP(TRIM('📥 Respostas'!AL7),'⚙️ Config'!$A$4:$B$13,2,0),"") | AJ7: =IFERROR(VLOOKUP(TRIM('📥 Respostas'!AM7),'⚙️ Config'!$A$4:$B$13,2,0),"") | AK7: =IFERROR(VLOOKUP(TRIM('📥 Respostas'!AN7),'⚙️ Config'!$A$4:$B$13,2,0),"") | AL7: =IFERROR(VLOOKUP(TRIM('📥 Respostas'!AO7),'⚙️ Config'!$A$4:$B$13,2,0),"") | AM7: =IFERROR(VLOOKUP(TRIM('📥 Respostas'!AP7),'⚙️ Config'!$A$4:$B$13,2,0),"") | AN7: =IFERROR(VLOOKUP(TRIM('📥 Respostas'!AQ7),'⚙️ Config'!$A$4:$B$13,2,0),"") | ... AR7: =IFERROR(VLOOKUP(TRIM('📥 Respostas'!AU7),'⚙️ Config'!$A$4:$B$13,2,0),"")
A8: =IF(ISBLANK('📥 Respostas'!D8),"",ROW()-3) | B8: ='📥 Respostas'!D8 -> 0 | C8: ='📥 Respostas'!C8 -> 0 | D8: =IFERROR(VLOOKUP(TRIM('📥 Respostas'!G8),'⚙️ Config'!$A$4:$B$13,2,0),"") | E8: =IFERROR(VLOOKUP(TRIM('📥 Respostas'!H8),'⚙️ Config'!$A$4:$B$13,2,0),"") | F8: =IFERROR(VLOOKUP(TRIM('📥 Respostas'!I8),'⚙️ Config'!$A$4:$B$13,2,0),"") | G8: =IFERROR(VLOOKUP(TRIM('📥 Respostas'!J8),'⚙️ Config'!$A$4:$B$13,2,0),"") | H8: =IFERROR(VLOOKUP(TRIM('📥 Respostas'!K8),'⚙️ Config'!$A$4:$B$13,2,0),"") | I8: =IFERROR(VLOOKUP(TRIM('📥 Respostas'!L8),'⚙️ Config'!$A$4:$B$13,2,0),"") | J8: =IFERROR(VLOOKUP(TRIM('📥 Respostas'!M8),'⚙️ Config'!$A$4:$B$13,2,0),"") | K8: =IFERROR(VLOOKUP(TRIM('📥 Respostas'!N8),'⚙️ Config'!$A$4:$B$13,2,0),"") | ... AE8: =IFERROR(VLOOKUP(TRIM('📥 Respostas'!AH8),'⚙️ Config'!$A$4:$B$13,2,0),"") | AF8: =IFERROR(VLOOKUP(TRIM('📥 Respostas'!AI8),'⚙️ Config'!$C$4:$D$11,2,0),"") | AG8: =IFERROR(VLOOKUP(TRIM('📥 Respostas'!AJ8),'⚙️ Config'!$A$4:$B$13,2,0),"") | AH8: =IFERROR(VLOOKUP(TRIM('📥 Respostas'!AK8),'⚙️ Config'!$A$4:$B$13,2,0),"") | AI8: =IFERROR(VLOOKUP(TRIM('📥 Respostas'!AL8),'⚙️ Config'!$A$4:$B$13,2,0),"") | AJ8: =IFERROR(VLOOKUP(TRIM('📥 Respostas'!AM8),'⚙️ Config'!$A$4:$B$13,2,0),"") | AK8: =IFERROR(VLOOKUP(TRIM('📥 Respostas'!AN8),'⚙️ Config'!$A$4:$B$13,2,0),"") | AL8: =IFERROR(VLOOKUP(TRIM('📥 Respostas'!AO8),'⚙️ Config'!$A$4:$B$13,2,0),"") | AM8: =IFERROR(VLOOKUP(TRIM('📥 Respostas'!AP8),'⚙️ Config'!$A$4:$B$13,2,0),"") | AN8: =IFERROR(VLOOKUP(TRIM('📥 Respostas'!AQ8),'⚙️ Config'!$A$4:$B$13,2,0),"") | ... AR8: =IFERROR(VLOOKUP(TRIM('📥 Respostas'!AU8),'⚙️ Config'!$A$4:$B$13,2,0),"")
A9: =IF(ISBLANK('📥 Respostas'!D9),"",ROW()-3) | B9: ='📥 Respostas'!D9 -> 0 | C9: ='📥 Respostas'!C9 -> 0 | D9: =IFERROR(VLOOKUP(TRIM('📥 Respostas'!G9),'⚙️ Config'!$A$4:$B$13,2,0),"") | E9: =IFERROR(VLOOKUP(TRIM('📥 Respostas'!H9),'⚙️ Config'!$A$4:$B$13,2,0),"") | F9: =IFERROR(VLOOKUP(TRIM('📥 Respostas'!I9),'⚙️ Config'!$A$4:$B$13,2,0),"") | G9: =IFERROR(VLOOKUP(TRIM('📥 Respostas'!J9),'⚙️ Config'!$A$4:$B$13,2,0),"") | H9: =IFERROR(VLOOKUP(TRIM('📥 Respostas'!K9),'⚙️ Config'!$A$4:$B$13,2,0),"") | I9: =IFERROR(VLOOKUP(TRIM('📥 Respostas'!L9),'⚙️ Config'!$A$4:$B$13,2,0),"") | J9: =IFERROR(VLOOKUP(TRIM('📥 Respostas'!M9),'⚙️ Config'!$A$4:$B$13,2,0),"") | K9: =IFERROR(VLOOKUP(TRIM('📥 Respostas'!N9),'⚙️ Config'!$A$4:$B$13,2,0),"") | ... AE9: =IFERROR(VLOOKUP(TRIM('📥 Respostas'!AH9),'⚙️ Config'!$A$4:$B$13,2,0),"") | AF9: =IFERROR(VLOOKUP(TRIM('📥 Respostas'!AI9),'⚙️ Config'!$C$4:$D$11,2,0),"") | AG9: =IFERROR(VLOOKUP(TRIM('📥 Respostas'!AJ9),'⚙️ Config'!$A$4:$B$13,2,0),"") | AH9: =IFERROR(VLOOKUP(TRIM('📥 Respostas'!AK9),'⚙️ Config'!$A$4:$B$13,2,0),"") | AI9: =IFERROR(VLOOKUP(TRIM('📥 Respostas'!AL9),'⚙️ Config'!$A$4:$B$13,2,0),"") | AJ9: =IFERROR(VLOOKUP(TRIM('📥 Respostas'!AM9),'⚙️ Config'!$A$4:$B$13,2,0),"") | AK9: =IFERROR(VLOOKUP(TRIM('📥 Respostas'!AN9),'⚙️ Config'!$A$4:$B$13,2,0),"") | AL9: =IFERROR(VLOOKUP(TRIM('📥 Respostas'!AO9),'⚙️ Config'!$A$4:$B$13,2,0),"") | AM9: =IFERROR(VLOOKUP(TRIM('📥 Respostas'!AP9),'⚙️ Config'!$A$4:$B$13,2,0),"") | AN9: =IFERROR(VLOOKUP(TRIM('📥 Respostas'!AQ9),'⚙️ Config'!$A$4:$B$13,2,0),"") | ... AR9: =IFERROR(VLOOKUP(TRIM('📥 Respostas'!AU9),'⚙️ Config'!$A$4:$B$13,2,0),"")
A10: =IF(ISBLANK('📥 Respostas'!D10),"",ROW()-3) | B10: ='📥 Respostas'!D10 -> 0 | C10: ='📥 Respostas'!C10 -> 0 | D10: =IFERROR(VLOOKUP(TRIM('📥 Respostas'!G10),'⚙️ Config'!$A$4:$B$13,2,0),"") | E10: =IFERROR(VLOOKUP(TRIM('📥 Respostas'!H10),'⚙️ Config'!$A$4:$B$13,2,0),"") | F10: =IFERROR(VLOOKUP(TRIM('📥 Respostas'!I10),'⚙️ Config'!$A$4:$B$13,2,0),"") | G10: =IFERROR(VLOOKUP(TRIM('📥 Respostas'!J10),'⚙️ Config'!$A$4:$B$13,2,0),"") | H10: =IFERROR(VLOOKUP(TRIM('📥 Respostas'!K10),'⚙️ Config'!$A$4:$B$13,2,0),"") | I10: =IFERROR(VLOOKUP(TRIM('📥 Respostas'!L10),'⚙️ Config'!$A$4:$B$13,2,0),"") | J10: =IFERROR(VLOOKUP(TRIM('📥 Respostas'!M10),'⚙️ Config'!$A$4:$B$13,2,0),"") | K10: =IFERROR(VLOOKUP(TRIM('📥 Respostas'!N10),'⚙️ Config'!$A$4:$B$13,2,0),"") | ... AE10: =IFERROR(VLOOKUP(TRIM('📥 Respostas'!AH10),'⚙️ Config'!$A$4:$B$13,2,0),"") | AF10: =IFERROR(VLOOKUP(TRIM('📥 Respostas'!AI10),'⚙️ Config'!$C$4:$D$11,2,0),"") | AG10: =IFERROR(VLOOKUP(TRIM('📥 Respostas'!AJ10),'⚙️ Config'!$A$4:$B$13,2,0),"") | AH10: =IFERROR(VLOOKUP(TRIM('📥 Respostas'!AK10),'⚙️ Config'!$A$4:$B$13,2,0),"") | AI10: =IFERROR(VLOOKUP(TRIM('📥 Respostas'!AL10),'⚙️ Config'!$A$4:$B$13,2,0),"") | AJ10: =IFERROR(VLOOKUP(TRIM('📥 Respostas'!AM10),'⚙️ Config'!$A$4:$B$13,2,0),"") | AK10: =IFERROR(VLOOKUP(TRIM('📥 Respostas'!AN10),'⚙️ Config'!$A$4:$B$13,2,0),"") | AL10: =IFERROR(VLOOKUP(TRIM('📥 Respostas'!AO10),'⚙️ Config'!$A$4:$B$13,2,0),"") | AM10: =IFERROR(VLOOKUP(TRIM('📥 Respostas'!AP10),'⚙️ Config'!$A$4:$B$13,2,0),"") | AN10: =IFERROR(VLOOKUP(TRIM('📥 Respostas'!AQ10),'⚙️ Config'!$A$4:$B$13,2,0),"") | ... AR10: =IFERROR(VLOOKUP(TRIM('📥 Respostas'!AU10),'⚙️ Config'!$A$4:$B$13,2,0),"")
A11: =IF(ISBLANK('📥 Respostas'!D11),"",ROW()-3) | B11: ='📥 Respostas'!D11 -> 0 | C11: ='📥 Respostas'!C11 -> 0 | D11: =IFERROR(VLOOKUP(TRIM('📥 Respostas'!G11),'⚙️ Config'!$A$4:$B$13,2,0),"") | E11: =IFERROR(VLOOKUP(TRIM('📥 Respostas'!H11),'⚙️ Config'!$A$4:$B$13,2,0),"") | F11: =IFERROR(VLOOKUP(TRIM('📥 Respostas'!I11),'⚙️ Config'!$A$4:$B$13,2,0),"") | G11: =IFERROR(VLOOKUP(TRIM('📥 Respostas'!J11),'⚙️ Config'!$A$4:$B$13,2,0),"") | H11: =IFERROR(VLOOKUP(TRIM('📥 Respostas'!K11),'⚙️ Config'!$A$4:$B$13,2,0),"") | I11: =IFERROR(VLOOKUP(TRIM('📥 Respostas'!L11),'⚙️ Config'!$A$4:$B$13,2,0),"") | J11: =IFERROR(VLOOKUP(TRIM('📥 Respostas'!M11),'⚙️ Config'!$A$4:$B$13,2,0),"") | K11: =IFERROR(VLOOKUP(TRIM('📥 Respostas'!N11),'⚙️ Config'!$A$4:$B$13,2,0),"") | ... AE11: =IFERROR(VLOOKUP(TRIM('📥 Respostas'!AH11),'⚙️ Config'!$A$4:$B$13,2,0),"") | AF11: =IFERROR(VLOOKUP(TRIM('📥 Respostas'!AI11),'⚙️ Config'!$C$4:$D$11,2,0),"") | AG11: =IFERROR(VLOOKUP(TRIM('📥 Respostas'!AJ11),'⚙️ Config'!$A$4:$B$13,2,0),"") | AH11: =IFERROR(VLOOKUP(TRIM('📥 Respostas'!AK11),'⚙️ Config'!$A$4:$B$13,2,0),"") | AI11: =IFERROR(VLOOKUP(TRIM('📥 Respostas'!AL11),'⚙️ Config'!$A$4:$B$13,2,0),"") | AJ11: =IFERROR(VLOOKUP(TRIM('📥 Respostas'!AM11),'⚙️ Config'!$A$4:$B$13,2,0),"") | AK11: =IFERROR(VLOOKUP(TRIM('📥 Respostas'!AN11),'⚙️ Config'!$A$4:$B$13,2,0),"") | AL11: =IFERROR(VLOOKUP(TRIM('📥 Respostas'!AO11),'⚙️ Config'!$A$4:$B$13,2,0),"") | AM11: =IFERROR(VLOOKUP(TRIM('📥 Respostas'!AP11),'⚙️ Config'!$A$4:$B$13,2,0),"") | AN11: =IFERROR(VLOOKUP(TRIM('📥 Respostas'!AQ11),'⚙️ Config'!$A$4:$B$13,2,0),"") | ... AR11: =IFERROR(VLOOKUP(TRIM('📥 Respostas'!AU11),'⚙️ Config'!$A$4:$B$13,2,0),"")
A12: =IF(ISBLANK('📥 Respostas'!D12),"",ROW()-3) | B12: ='📥 Respostas'!D12 -> 0 | C12: ='📥 Respostas'!C12 -> 0 | D12: =IFERROR(VLOOKUP(TRIM('📥 Respostas'!G12),'⚙️ Config'!$A$4:$B$13,2,0),"") | E12: =IFERROR(VLOOKUP(TRIM('📥 Respostas'!H12),'⚙️ Config'!$A$4:$B$13,2,0),"") | F12: =IFERROR(VLOOKUP(TRIM('📥 Respostas'!I12),'⚙️ Config'!$A$4:$B$13,2,0),"") | G12: =IFERROR(VLOOKUP(TRIM('📥 Respostas'!J12),'⚙️ Config'!$A$4:$B$13,2,0),"") | H12: =IFERROR(VLOOKUP(TRIM('📥 Respostas'!K12),'⚙️ Config'!$A$4:$B$13,2,0),"") | I12: =IFERROR(VLOOKUP(TRIM('📥 Respostas'!L12),'⚙️ Config'!$A$4:$B$13,2,0),"") | J12: =IFERROR(VLOOKUP(TRIM('📥 Respostas'!M12),'⚙️ Config'!$A$4:$B$13,2,0),"") | K12: =IFERROR(VLOOKUP(TRIM('📥 Respostas'!N12),'⚙️ Config'!$A$4:$B$13,2,0),"") | ... AE12: =IFERROR(VLOOKUP(TRIM('📥 Respostas'!AH12),'⚙️ Config'!$A$4:$B$13,2,0),"") | AF12: =IFERROR(VLOOKUP(TRIM('📥 Respostas'!AI12),'⚙️ Config'!$C$4:$D$11,2,0),"") | AG12: =IFERROR(VLOOKUP(TRIM('📥 Respostas'!AJ12),'⚙️ Config'!$A$4:$B$13,2,0),"") | AH12: =IFERROR(VLOOKUP(TRIM('📥 Respostas'!AK12),'⚙️ Config'!$A$4:$B$13,2,0),"") | AI12: =IFERROR(VLOOKUP(TRIM('📥 Respostas'!AL12),'⚙️ Config'!$A$4:$B$13,2,0),"") | AJ12: =IFERROR(VLOOKUP(TRIM('📥 Respostas'!AM12),'⚙️ Config'!$A$4:$B$13,2,0),"") | AK12: =IFERROR(VLOOKUP(TRIM('📥 Respostas'!AN12),'⚙️ Config'!$A$4:$B$13,2,0),"") | AL12: =IFERROR(VLOOKUP(TRIM('📥 Respostas'!AO12),'⚙️ Config'!$A$4:$B$13,2,0),"") | AM12: =IFERROR(VLOOKUP(TRIM('📥 Respostas'!AP12),'⚙️ Config'!$A$4:$B$13,2,0),"") | AN12: =IFERROR(VLOOKUP(TRIM('📥 Respostas'!AQ12),'⚙️ Config'!$A$4:$B$13,2,0),"") | ... AR12: =IFERROR(VLOOKUP(TRIM('📥 Respostas'!AU12),'⚙️ Config'!$A$4:$B$13,2,0),"")
A13: =IF(ISBLANK('📥 Respostas'!D13),"",ROW()-3) | B13: ='📥 Respostas'!D13 -> 0 | C13: ='📥 Respostas'!C13 -> 0 | D13: =IFERROR(VLOOKUP(TRIM('📥 Respostas'!G13),'⚙️ Config'!$A$4:$B$13,2,0),"") | E13: =IFERROR(VLOOKUP(TRIM('📥 Respostas'!H13),'⚙️ Config'!$A$4:$B$13,2,0),"") | F13: =IFERROR(VLOOKUP(TRIM('📥 Respostas'!I13),'⚙️ Config'!$A$4:$B$13,2,0),"") | G13: =IFERROR(VLOOKUP(TRIM('📥 Respostas'!J13),'⚙️ Config'!$A$4:$B$13,2,0),"") | H13: =IFERROR(VLOOKUP(TRIM('📥 Respostas'!K13),'⚙️ Config'!$A$4:$B$13,2,0),"") | I13: =IFERROR(VLOOKUP(TRIM('📥 Respostas'!L13),'⚙️ Config'!$A$4:$B$13,2,0),"") | J13: =IFERROR(VLOOKUP(TRIM('📥 Respostas'!M13),'⚙️ Config'!$A$4:$B$13,2,0),"") | K13: =IFERROR(VLOOKUP(TRIM('📥 Respostas'!N13),'⚙️ Config'!$A$4:$B$13,2,0),"") | ... AE13: =IFERROR(VLOOKUP(TRIM('📥 Respostas'!AH13),'⚙️ Config'!$A$4:$B$13,2,0),"") | AF13: =IFERROR(VLOOKUP(TRIM('📥 Respostas'!AI13),'⚙️ Config'!$C$4:$D$11,2,0),"") | AG13: =IFERROR(VLOOKUP(TRIM('📥 Respostas'!AJ13),'⚙️ Config'!$A$4:$B$13,2,0),"") | AH13: =IFERROR(VLOOKUP(TRIM('📥 Respostas'!AK13),'⚙️ Config'!$A$4:$B$13,2,0),"") | AI13: =IFERROR(VLOOKUP(TRIM('📥 Respostas'!AL13),'⚙️ Config'!$A$4:$B$13,2,0),"") | AJ13: =IFERROR(VLOOKUP(TRIM('📥 Respostas'!AM13),'⚙️ Config'!$A$4:$B$13,2,0),"") | AK13: =IFERROR(VLOOKUP(TRIM('📥 Respostas'!AN13),'⚙️ Config'!$A$4:$B$13,2,0),"") | AL13: =IFERROR(VLOOKUP(TRIM('📥 Respostas'!AO13),'⚙️ Config'!$A$4:$B$13,2,0),"") | AM13: =IFERROR(VLOOKUP(TRIM('📥 Respostas'!AP13),'⚙️ Config'!$A$4:$B$13,2,0),"") | AN13: =IFERROR(VLOOKUP(TRIM('📥 Respostas'!AQ13),'⚙️ Config'!$A$4:$B$13,2,0),"") | ... AR13: =IFERROR(VLOOKUP(TRIM('📥 Respostas'!AU13),'⚙️ Config'!$A$4:$B$13,2,0),"")
A14: =IF(ISBLANK('📥 Respostas'!D14),"",ROW()-3) | B14: ='📥 Respostas'!D14 -> 0 | C14: ='📥 Respostas'!C14 -> 0 | D14: =IFERROR(VLOOKUP(TRIM('📥 Respostas'!G14),'⚙️ Config'!$A$4:$B$13,2,0),"") | E14: =IFERROR(VLOOKUP(TRIM('📥 Respostas'!H14),'⚙️ Config'!$A$4:$B$13,2,0),"") | F14: =IFERROR(VLOOKUP(TRIM('📥 Respostas'!I14),'⚙️ Config'!$A$4:$B$13,2,0),"") | G14: =IFERROR(VLOOKUP(TRIM('📥 Respostas'!J14),'⚙️ Config'!$A$4:$B$13,2,0),"") | H14: =IFERROR(VLOOKUP(TRIM('📥 Respostas'!K14),'⚙️ Config'!$A$4:$B$13,2,0),"") | I14: =IFERROR(VLOOKUP(TRIM('📥 Respostas'!L14),'⚙️ Config'!$A$4:$B$13,2,0),"") | J14: =IFERROR(VLOOKUP(TRIM('📥 Respostas'!M14),'⚙️ Config'!$A$4:$B$13,2,0),"") | K14: =IFERROR(VLOOKUP(TRIM('📥 Respostas'!N14),'⚙️ Config'!$A$4:$B$13,2,0),"") | ... AE14: =IFERROR(VLOOKUP(TRIM('📥 Respostas'!AH14),'⚙️ Config'!$A$4:$B$13,2,0),"") | AF14: =IFERROR(VLOOKUP(TRIM('📥 Respostas'!AI14),'⚙️ Config'!$C$4:$D$11,2,0),"") | AG14: =IFERROR(VLOOKUP(TRIM('📥 Respostas'!AJ14),'⚙️ Config'!$A$4:$B$13,2,0),"") | AH14: =IFERROR(VLOOKUP(TRIM('📥 Respostas'!AK14),'⚙️ Config'!$A$4:$B$13,2,0),"") | AI14: =IFERROR(VLOOKUP(TRIM('📥 Respostas'!AL14),'⚙️ Config'!$A$4:$B$13,2,0),"") | AJ14: =IFERROR(VLOOKUP(TRIM('📥 Respostas'!AM14),'⚙️ Config'!$A$4:$B$13,2,0),"") | AK14: =IFERROR(VLOOKUP(TRIM('📥 Respostas'!AN14),'⚙️ Config'!$A$4:$B$13,2,0),"") | AL14: =IFERROR(VLOOKUP(TRIM('📥 Respostas'!AO14),'⚙️ Config'!$A$4:$B$13,2,0),"") | AM14: =IFERROR(VLOOKUP(TRIM('📥 Respostas'!AP14),'⚙️ Config'!$A$4:$B$13,2,0),"") | AN14: =IFERROR(VLOOKUP(TRIM('📥 Respostas'!AQ14),'⚙️ Config'!$A$4:$B$13,2,0),"") | ... AR14: =IFERROR(VLOOKUP(TRIM('📥 Respostas'!AU14),'⚙️ Config'!$A$4:$B$13,2,0),"")
A15: =IF(ISBLANK('📥 Respostas'!D15),"",ROW()-3) | B15: ='📥 Respostas'!D15 -> 0 | C15: ='📥 Respostas'!C15 -> 0 | D15: =IFERROR(VLOOKUP(TRIM('📥 Respostas'!G15),'⚙️ Config'!$A$4:$B$13,2,0),"") | E15: =IFERROR(VLOOKUP(TRIM('📥 Respostas'!H15),'⚙️ Config'!$A$4:$B$13,2,0),"") | F15: =IFERROR(VLOOKUP(TRIM('📥 Respostas'!I15),'⚙️ Config'!$A$4:$B$13,2,0),"") | G15: =IFERROR(VLOOKUP(TRIM('📥 Respostas'!J15),'⚙️ Config'!$A$4:$B$13,2,0),"") | H15: =IFERROR(VLOOKUP(TRIM('📥 Respostas'!K15),'⚙️ Config'!$A$4:$B$13,2,0),"") | I15: =IFERROR(VLOOKUP(TRIM('📥 Respostas'!L15),'⚙️ Config'!$A$4:$B$13,2,0),"") | J15: =IFERROR(VLOOKUP(TRIM('📥 Respostas'!M15),'⚙️ Config'!$A$4:$B$13,2,0),"") | K15: =IFERROR(VLOOKUP(TRIM('📥 Respostas'!N15),'⚙️ Config'!$A$4:$B$13,2,0),"") | ... AE15: =IFERROR(VLOOKUP(TRIM('📥 Respostas'!AH15),'⚙️ Config'!$A$4:$B$13,2,0),"") | AF15: =IFERROR(VLOOKUP(TRIM('📥 Respostas'!AI15),'⚙️ Config'!$C$4:$D$11,2,0),"") | AG15: =IFERROR(VLOOKUP(TRIM('📥 Respostas'!AJ15),'⚙️ Config'!$A$4:$B$13,2,0),"") | AH15: =IFERROR(VLOOKUP(TRIM('📥 Respostas'!AK15),'⚙️ Config'!$A$4:$B$13,2,0),"") | AI15: =IFERROR(VLOOKUP(TRIM('📥 Respostas'!AL15),'⚙️ Config'!$A$4:$B$13,2,0),"") | AJ15: =IFERROR(VLOOKUP(TRIM('📥 Respostas'!AM15),'⚙️ Config'!$A$4:$B$13,2,0),"") | AK15: =IFERROR(VLOOKUP(TRIM('📥 Respostas'!AN15),'⚙️ Config'!$A$4:$B$13,2,0),"") | AL15: =IFERROR(VLOOKUP(TRIM('📥 Respostas'!AO15),'⚙️ Config'!$A$4:$B$13,2,0),"") | AM15: =IFERROR(VLOOKUP(TRIM('📥 Respostas'!AP15),'⚙️ Config'!$A$4:$B$13,2,0),"") | AN15: =IFERROR(VLOOKUP(TRIM('📥 Respostas'!AQ15),'⚙️ Config'!$A$4:$B$13,2,0),"") | ... AR15: =IFERROR(VLOOKUP(TRIM('📥 Respostas'!AU15),'⚙️ Config'!$A$4:$B$13,2,0),"")
... A203: =IF(ISBLANK('📥 Respostas'!D203),"",ROW()-3) | B203: ='📥 Respostas'!D203 -> 0 | C203: ='📥 Respostas'!C203 -> 0 | D203: =IFERROR(VLOOKUP(TRIM('📥 Respostas'!G203),'⚙️ Config'!$A$4:$B$13,2,0),"") | E203: =IFERROR(VLOOKUP(TRIM('📥 Respostas'!H203),'⚙️ Config'!$A$4:$B$13,2,0),"") | F203: =IFERROR(VLOOKUP(TRIM('📥 Respostas'!I203),'⚙️ Config'!$A$4:$B$13,2,0),"") | G203: =IFERROR(VLOOKUP(TRIM('📥 Respostas'!J203),'⚙️ Config'!$A$4:$B$13,2,0),"") | H203: =IFERROR(VLOOKUP(TRIM('📥 Respostas'!K203),'⚙️ Config'!$A$4:$B$13,2,0),"") | I203: =IFERROR(VLOOKUP(TRIM('📥 Respostas'!L203),'⚙️ Config'!$A$4:$B$13,2,0),"") | J203: =IFERROR(VLOOKUP(TRIM('📥 Respostas'!M203),'⚙️ Config'!$A$4:$B$13,2,0),"") | K203: =IFERROR(VLOOKUP(TRIM('📥 Respostas'!N203),'⚙️ Config'!$A$4:$B$13,2,0),"") | ... AE203: =IFERROR(VLOOKUP(TRIM('📥 Respostas'!AH203),'⚙️ Config'!$A$4:$B$13,2,0),"") | AF203: =IFERROR(VLOOKUP(TRIM('📥 Respostas'!AI203),'⚙️ Config'!$C$4:$D$11,2,0),"") | AG203: =IFERROR(VLOOKUP(TRIM('📥 Respostas'!AJ203),'⚙️ Config'!$A$4:$B$13,2,0),"") | AH203: =IFERROR(VLOOKUP(TRIM('📥 Respostas'!AK203),'⚙️ Config'!$A$4:$B$13,2,0),"") | AI203: =IFERROR(VLOOKUP(TRIM('📥 Respostas'!AL203),'⚙️ Config'!$A$4:$B$13,2,0),"") | AJ203: =IFERROR(VLOOKUP(TRIM('📥 Respostas'!AM203),'⚙️ Config'!$A$4:$B$13,2,0),"") | AK203: =IFERROR(VLOOKUP(TRIM('📥 Respostas'!AN203),'⚙️ Config'!$A$4:$B$13,2,0),"") | AL203: =IFERROR(VLOOKUP(TRIM('📥 Respostas'!AO203),'⚙️ Config'!$A$4:$B$13,2,0),"") | AM203: =IFERROR(VLOOKUP(TRIM('📥 Respostas'!AP203),'⚙️ Config'!$A$4:$B$13,2,0),"") | AN203: =IFERROR(VLOOKUP(TRIM('📥 Respostas'!AQ203),'⚙️ Config'!$A$4:$B$13,2,0),"") | ... AR203: =IFERROR(VLOOKUP(TRIM('📥 Respostas'!AU203),'⚙️ Config'!$A$4:$B$13,2,0),"")

Sheet 📊 Risco por Setor
A1: 📊 AVALIAÇÃO DE RISCO PSICOSSOCIAL POR SETOR
A2: Calculado automaticamente. Classificação: Baixo (<25%) | Moderado (25–49%) | Alto (50–74%) | Crítico (≥75%)
A4: ▶ SETORES DA EMPRESA | C4: ← Preencha os setores existentes
A5: Operacional
A6: Administrativo / Técnico
A13: 📋 RESULTADOS POR FATOR E SETOR
A14: Setor | B14: Fator de Risco | C14: Nº Respondentes | D14: Score Médio (1–5) | E14: Risco (%) | F14: Classificação | G14: 🔴 Crítico | H14: 🟠 Alto | I14: ⚠️ Moderado
A15: =$A$5 -> Operacional | B15: Exigência Laboral | C15: =COUNTIF('🔢 Cálculo'!$B$4:$B$203,$A$5) -> 0 | D15: =IFERROR((IFERROR(AVERAGEIF('🔢 Cálculo'!$B$4:$B$203,$A$5,'🔢 Cálculo'!$D$4:$D$203),0)+IFERROR(AVERAGEIF('🔢 Cálculo'!$B$4:$B$203,$A$5,'🔢 Cálculo'!$E$4:$E$203),0)+IFERROR(AVERAGEIF('🔢 Cálculo'!$B$4:$B$203,$A$5,'🔢 Cálculo'!$F$4:$F$203),0)+IFERROR(AVERAGEIF('🔢 Cálculo'!$B$4:$B$203,$A$5,'🔢 Cálculo'!$G$4:$G$203),0)+IFERROR(AVERAGEIF('🔢 Cálculo'!$B$4:$B$203,$A$5,'🔢 Cálculo'!$H$4:$H$203),0)+IFERROR(AVERAGEIF('🔢 Cálculo'!$B$4:$B$203,$A$5,'🔢 Cálculo'!$I$4:$I$203),0))/6,"") -> 0 | E15: =IFERROR((IFERROR((AVERAGEIF('🔢 Cálculo'!$B$4:$B$203,$A$5,'🔢 Cálculo'!$D$4:$D$203)-1)/4*100,0)+IFERROR((AVERAGEIF('🔢 Cálculo'!$B$4:$B$203,$A$5,'🔢 Cálculo'!$E$4:$E$203)-1)/4*100,0)+IFERROR((AVERAGEIF('🔢 Cálculo'!$B$4:$B$203,$A$5,'🔢 Cálculo'!$F$4:$F$203)-1)/4*100,0)+IFERROR((AVERAGEIF('🔢 Cálculo'!$B$4:$B$203,$A$5,'🔢 Cálculo'!$G$4:$G$203)-1)/4*100,0)+IFERROR((AVERAGEIF('🔢 Cálculo'!$B$4:$B$203,$A$5,'🔢 Cálculo'!$H$4:$H$203)-1)/4*100,0)+IFERROR((AVERAGEIF('🔢 Cálculo'!$B$4:$B$203,$A$5,'🔢 Cálculo'!$I$4:$I$203)-1)/4*100,0))/6,"") -> 0 | F15: =IFERROR(IF(E15="","",IF(E15<25,"Baixo",IF(E15<50,"Moderado",IF(E15<75,"Alto","Crítico")))),"N/A") -> Baixo | G15: =IF(F15="Crítico","🔴 AÇÃO IMEDIATA","") | H15: =IF(F15="Alto","🟠 PRIORITÁRIO","") | I15: =IF(F15="Moderado","⚠️ PLANEJAR","")
A16: =$A$5 -> Operacional | B16: Organização do Trabalho | C16: =COUNTIF('🔢 Cálculo'!$B$4:$B$203,$A$5) -> 0 | D16: =IFERROR((IFERROR(AVERAGEIF('🔢 Cálculo'!$B$4:$B$203,$A$5,'🔢 Cálculo'!$J$4:$J$203),0)+IFERROR(AVERAGEIF('🔢 Cálculo'!$B$4:$B$203,$A$5,'🔢 Cálculo'!$K$4:$K$203),0)+IFERROR(AVERAGEIF('🔢 Cálculo'!$B$4:$B$203,$A$5,'🔢 Cálculo'!$L$4:$L$203),0)+IFERROR(AVERAGEIF('🔢 Cálculo'!$B$4:$B$203,$A$5,'🔢 Cálculo'!$M$4:$M$203),0)+IFERROR(AVERAGEIF('🔢 Cálculo'!$B$4:$B$203,$A$5,'🔢 Cálculo'!$N$4:$N$203),0)+IFERROR(AVERAGEIF('🔢 Cálculo'!$B$4:$B$203,$A$5,'🔢 Cálculo'!$O$4:$O$203),0))/6,"") -> 0 | E16: =IFERROR((IFERROR((5-AVERAGEIF('🔢 Cálculo'!$B$4:$B$203,$A$5,'🔢 Cálculo'!$J$4:$J$203))/4*100,0)+IFERROR((5-AVERAGEIF('🔢 Cálculo'!$B$4:$B$203,$A$5,'🔢 Cálculo'!$K$4:$K$203))/4*100,0)+IFERROR((5-AVERAGEIF('🔢 Cálculo'!$B$4:$B$203,$A$5,'🔢 Cálculo'!$L$4:$L$203))/4*100,0)+IFERROR((5-AVERAGEIF('🔢 Cálculo'!$B$4:$B$203,$A$5,'🔢 Cálculo'!$M$4:$M$203))/4*100,0)+IFERROR((5-AVERAGEIF('🔢 Cálculo'!$B$4:$B$203,$A$5,'🔢 Cálculo'!$N$4:$N$203))/4*100,0)+IFERROR((5-AVERAGEIF('🔢 Cálculo'!$B$4:$B$203,$A$5,'🔢 Cálculo'!$O$4:$O$203))/4*100,0))/6,"") -> 0 | F16: =IFERROR(IF(E16="","",IF(E16<25,"Baixo",IF(E16<50,"Moderado",IF(E16<75,"Alto","Crítico")))),"N/A") -> Baixo | G16: =IF(F16="Crítico","🔴 AÇÃO IMEDIATA","") | H16: =IF(F16="Alto","🟠 PRIORITÁRIO","") | I16: =IF(F16="Moderado","⚠️ PLANEJAR","")
A17: =$A$5 -> Operacional | B17: Relações Sociais e Liderança | C17: =COUNTIF('🔢 Cálculo'!$B$4:$B$203,$A$5) -> 0 | D17: =IFERROR((IFERROR(AVERAGEIF('🔢 Cálculo'!$B$4:$B$203,$A$5,'🔢 Cálculo'!$P$4:$P$203),0)+IFERROR(AVERAGEIF('🔢 Cálculo'!$B$4:$B$203,$A$5,'🔢 Cálculo'!$Q$4:$Q$203),0)+IFERROR(AVERAGEIF('🔢 Cálculo'!$B$4:$B$203,$A$5,'🔢 Cálculo'!$R$4:$R$203),0)+IFERROR(AVERAGEIF('🔢 Cálculo'!$B$4:$B$203,$A$5,'🔢 Cálculo'!$S$4:$S$203),0)+IFERROR(AVERAGEIF('🔢 Cálculo'!$B$4:$B$203,$A$5,'🔢 Cálculo'!$T$4:$T$203),0)+IFERROR(AVERAGEIF('🔢 Cálculo'!$B$4:$B$203,$A$5,'🔢 Cálculo'!$U$4:$U$203),0))/6,"") -> 0 | E17: =IFERROR((IFERROR((5-AVERAGEIF('🔢 Cálculo'!$B$4:$B$203,$A$5,'🔢 Cálculo'!$P$4:$P$203))/4*100,0)+IFERROR((5-AVERAGEIF('🔢 Cálculo'!$B$4:$B$203,$A$5,'🔢 Cálculo'!$Q$4:$Q$203))/4*100,0)+IFERROR((5-AVERAGEIF('🔢 Cálculo'!$B$4:$B$203,$A$5,'🔢 Cálculo'!$R$4:$R$203))/4*100,0)+IFERROR((5-AVERAGEIF('🔢 Cálculo'!$B$4:$B$203,$A$5,'🔢 Cálculo'!$S$4:$S$203))/4*100,0)+IFERROR((5-AVERAGEIF('🔢 Cálculo'!$B$4:$B$203,$A$5,'🔢 Cálculo'!$T$4:$T$203))/4*100,0)+IFERROR((5-AVERAGEIF('🔢 Cálculo'!$B$4:$B$203,$A$5,'🔢 Cálculo'!$U$4:$U$203))/4*100,0))/6,"") -> 0 | F17: =IFERROR(IF(E17="","",IF(E17<25,"Baixo",IF(E17<50,"Moderado",IF(E17<75,"Alto","Crítico")))),"N/A") -> Baixo | G17: =IF(F17="Crítico","🔴 AÇÃO IMEDIATA","") | H17: =IF(F17="Alto","🟠 PRIORITÁRIO","") | I17: =IF(F17="Moderado","⚠️ PLANEJAR","")
A18: =$A$5 -> Operacional | B18: Personalidade / Valores | C18: =COUNTIF('🔢 Cálculo'!$B$4:$B$203,$A$5) -> 0 | D18: =IFERROR((IFERROR(AVERAGEIF('🔢 Cálculo'!$B$4:$B$203,$A$5,'🔢 Cálculo'!$V$4:$V$203),0)+IFERROR(AVERAGEIF('🔢 Cálculo'!$B$4:$B$203,$A$5,'🔢 Cálculo'!$W$4:$W$203),0)+IFERROR(AVERAGEIF('🔢 Cálculo'!$B$4:$B$203,$A$5,'🔢 Cálculo'!$X$4:$X$203),0)+IFERROR(AVERAGEIF('🔢 Cálculo'!$B$4:$B$203,$A$5,'🔢 Cálculo'!$Y$4:$Y$203),0)+IFERROR(AVERAGEIF('🔢 Cálculo'!$B$4:$B$203,$A$5,'🔢 Cálculo'!$Z$4:$Z$203),0))/5,"") -> 0 | E18: =IFERROR((IFERROR((5-AVERAGEIF('🔢 Cálculo'!$B$4:$B$203,$A$5,'🔢 Cálculo'!$V$4:$V$203))/4*100,0)+IFERROR((5-AVERAGEIF('🔢 Cálculo'!$B$4:$B$203,$A$5,'🔢 Cálculo'!$W$4:$W$203))/4*100,0)+IFERROR((5-AVERAGEIF('🔢 Cálculo'!$B$4:$B$203,$A$5,'🔢 Cálculo'!$X$4:$X$203))/4*100,0)+IFERROR((5-AVERAGEIF('🔢 Cálculo'!$B$4:$B$203,$A$5,'🔢 Cálculo'!$Y$4:$Y$203))/4*100,0)+IFERROR((5-AVERAGEIF('🔢 Cálculo'!$B$4:$B$203,$A$5,'🔢 Cálculo'!$Z$4:$Z$203))/4*100,0))/5,"") -> 0 | F18: =IFERROR(IF(E18="","",IF(E18<25,"Baixo",IF(E18<50,"Moderado",IF(E18<75,"Alto","Crítico")))),"N/A") -> Baixo | G18: =IF(F18="Crítico","🔴 AÇÃO IMEDIATA","") | H18: =IF(F18="Alto","🟠 PRIORITÁRIO","") | I18: =IF(F18="Moderado","⚠️ PLANEJAR","")
A19: =$A$5 -> Operacional | B19: Interface Indivíduo-Trabalho | C19: =COUNTIF('🔢 Cálculo'!$B$4:$B$203,$A$5) -> 0 | D19: =IFERROR((IFERROR(AVERAGEIF('🔢 Cálculo'!$B$4:$B$203,$A$5,'🔢 Cálculo'!$AA$4:$AA$203),0)+IFERROR(AVERAGEIF('🔢 Cálculo'!$B$4:$B$203,$A$5,'🔢 Cálculo'!$AB$4:$AB$203),0)+IFERROR(AVERAGEIF('🔢 Cálculo'!$B$4:$B$203,$A$5,'🔢 Cálculo'!$AC$4:$AC$203),0)+IFERROR(AVERAGEIF('🔢 Cálculo'!$B$4:$B$203,$A$5,'🔢 Cálculo'!$AD$4:$AD$203),0)+IFERROR(AVERAGEIF('🔢 Cálculo'!$B$4:$B$203,$A$5,'🔢 Cálculo'!$AE$4:$AE$203),0))/5,"") -> 0 | E19: =IFERROR((IFERROR((5-AVERAGEIF('🔢 Cálculo'!$B$4:$B$203,$A$5,'🔢 Cálculo'!$AA$4:$AA$203))/4*100,0)+IFERROR((5-AVERAGEIF('🔢 Cálculo'!$B$4:$B$203,$A$5,'🔢 Cálculo'!$AB$4:$AB$203))/4*100,0)+IFERROR((5-AVERAGEIF('🔢 Cálculo'!$B$4:$B$203,$A$5,'🔢 Cálculo'!$AC$4:$AC$203))/4*100,0)+IFERROR((5-AVERAGEIF('🔢 Cálculo'!$B$4:$B$203,$A$5,'🔢 Cálculo'!$AD$4:$AD$203))/4*100,0)+IFERROR((AVERAGEIF('🔢 Cálculo'!$B$4:$B$203,$A$5,'🔢 Cálculo'!$AE$4:$AE$203)-1)/4*100,0))/5,"") -> 0 | F19: =IFERROR(IF(E19="","",IF(E19<25,"Baixo",IF(E19<50,"Moderado",IF(E19<75,"Alto","Crítico")))),"N/A") -> Baixo | G19: =IF(F19="Crítico","🔴 AÇÃO IMEDIATA","") | H19: =IF(F19="Alto","🟠 PRIORITÁRIO","") | I19: =IF(F19="Moderado","⚠️ PLANEJAR","")
A20: =$A$5 -> Operacional | B20: Saúde e Bem-Estar | C20: =COUNTIF('🔢 Cálculo'!$B$4:$B$203,$A$5) -> 0 | D20: =IFERROR((IFERROR(AVERAGEIF('🔢 Cálculo'!$B$4:$B$203,$A$5,'🔢 Cálculo'!$AF$4:$AF$203),0)+IFERROR(AVERAGEIF('🔢 Cálculo'!$B$4:$B$203,$A$5,'🔢 Cálculo'!$AG$4:$AG$203),0)+IFERROR(AVERAGEIF('🔢 Cálculo'!$B$4:$B$203,$A$5,'🔢 Cálculo'!$AH$4:$AH$203),0)+IFERROR(AVERAGEIF('🔢 Cálculo'!$B$4:$B$203,$A$5,'🔢 Cálculo'!$AI$4:$AI$203),0)+IFERROR(AVERAGEIF('🔢 Cálculo'!$B$4:$B$203,$A$5,'🔢 Cálculo'!$AJ$4:$AJ$203),0)+IFERROR(AVERAGEIF('🔢 Cálculo'!$B$4:$B$203,$A$5,'🔢 Cálculo'!$AK$4:$AK$203),0)+IFERROR(AVERAGEIF('🔢 Cálculo'!$B$4:$B$203,$A$5,'🔢 Cálculo'!$AL$4:$AL$203),0)+IFERROR(AVERAGEIF('🔢 Cálculo'!$B$4:$B$203,$A$5,'🔢 Cálculo'!$AM$4:$AM$203),0)+IFERROR(AVERAGEIF('🔢 Cálculo'!$B$4:$B$203,$A$5,'🔢 Cálculo'!$AN$4:$AN$203),0))/9,"") -> 0 | E20: =IFERROR((IFERROR((5-AVERAGEIF('🔢 Cálculo'!$B$4:$B$203,$A$5,'🔢 Cálculo'!$AF$4:$AF$203))/4*100,0)+IFERROR((AVERAGEIF('🔢 Cálculo'!$B$4:$B$203,$A$5,'🔢 Cálculo'!$AG$4:$AG$203)-1)/4*100,0)+IFERROR((AVERAGEIF('🔢 Cálculo'!$B$4:$B$203,$A$5,'🔢 Cálculo'!$AH$4:$AH$203)-1)/4*100,0)+IFERROR((AVERAGEIF('🔢 Cálculo'!$B$4:$B$203,$A$5,'🔢 Cálculo'!$AI$4:$AI$203)-1)/4*100,0)+IFERROR((AVERAGEIF('🔢 Cálculo'!$B$4:$B$203,$A$5,'🔢 Cálculo'!$AJ$4:$AJ$203)-1)/4*100,0)+IFERROR((AVERAGEIF('🔢 Cálculo'!$B$4:$B$203,$A$5,'🔢 Cálculo'!$AK$4:$AK$203)-1)/4*100,0)+IFERROR((AVERAGEIF('🔢 Cálculo'!$B$4:$B$203,$A$5,'🔢 Cálculo'!$AL$4:$AL$203)-1)/4*100,0)+IFERROR((AVERAGEIF('🔢 Cálculo'!$B$4:$B$203,$A$5,'🔢 Cálculo'!$AM$4:$AM$203)-1)/4*100,0)+IFERROR((AVERAGEIF('🔢 Cálculo'!$B$4:$B$203,$A$5,'🔢 Cálculo'!$AN$4:$AN$203)-1)/4*100,0))/9,"") -> 0 | F20: =IFERROR(IF(E20="","",IF(E20<25,"Baixo",IF(E20<50,"Moderado",IF(E20<75,"Alto","Crítico")))),"N/A") -> Baixo | G20: =IF(F20="Crítico","🔴 AÇÃO IMEDIATA","") | H20: =IF(F20="Alto","🟠 PRIORITÁRIO","") | I20: =IF(F20="Moderado","⚠️ PLANEJAR","")
A21: =$A$5 -> Operacional | B21: Comportamentos Ofensivos | C21: =COUNTIF('🔢 Cálculo'!$B$4:$B$203,$A$5) -> 0 | D21: =IFERROR((IFERROR(AVERAGEIF('🔢 Cálculo'!$B$4:$B$203,$A$5,'🔢 Cálculo'!$AO$4:$AO$203),0)+IFERROR(AVERAGEIF('🔢 Cálculo'!$B$4:$B$203,$A$5,'🔢 Cálculo'!$AP$4:$AP$203),0)+IFERROR(AVERAGEIF('🔢 Cálculo'!$B$4:$B$203,$A$5,'🔢 Cálculo'!$AQ$4:$AQ$203),0)+IFERROR(AVERAGEIF('🔢 Cálculo'!$B$4:$B$203,$A$5,'🔢 Cálculo'!$AR$4:$AR$203),0))/4,"") -> 0 | E21: =IFERROR((IFERROR((AVERAGEIF('🔢 Cálculo'!$B$4:$B$203,$A$5,'🔢 Cálculo'!$AO$4:$AO$203)-1)/4*100,0)+IFERROR((AVERAGEIF('🔢 Cálculo'!$B$4:$B$203,$A$5,'🔢 Cálculo'!$AP$4:$AP$203)-1)/4*100,0)+IFERROR((AVERAGEIF('🔢 Cálculo'!$B$4:$B$203,$A$5,'🔢 Cálculo'!$AQ$4:$AQ$203)-1)/4*100,0)+IFERROR((AVERAGEIF('🔢 Cálculo'!$B$4:$B$203,$A$5,'🔢 Cálculo'!$AR$4:$AR$203)-1)/4*100,0))/4,"") -> 0 | F21: =IFERROR(IF(E21="","",IF(E21<25,"Baixo",IF(E21<50,"Moderado",IF(E21<75,"Alto","Crítico")))),"N/A") -> Baixo | G21: =IF(F21="Crítico","🔴 AÇÃO IMEDIATA","") | H21: =IF(F21="Alto","🟠 PRIORITÁRIO","") | I21: =IF(F21="Moderado","⚠️ PLANEJAR","")
A22: =$A$6 -> Administrativo / Técnico | B22: Exigência Laboral | C22: =COUNTIF('🔢 Cálculo'!$B$4:$B$203,$A$6) -> 0 | D22: =IFERROR((IFERROR(AVERAGEIF('🔢 Cálculo'!$B$4:$B$203,$A$6,'🔢 Cálculo'!$D$4:$D$203),0)+IFERROR(AVERAGEIF('🔢 Cálculo'!$B$4:$B$203,$A$6,'🔢 Cálculo'!$E$4:$E$203),0)+IFERROR(AVERAGEIF('🔢 Cálculo'!$B$4:$B$203,$A$6,'🔢 Cálculo'!$F$4:$F$203),0)+IFERROR(AVERAGEIF('🔢 Cálculo'!$B$4:$B$203,$A$6,'🔢 Cálculo'!$G$4:$G$203),0)+IFERROR(AVERAGEIF('🔢 Cálculo'!$B$4:$B$203,$A$6,'🔢 Cálculo'!$H$4:$H$203),0)+IFERROR(AVERAGEIF('🔢 Cálculo'!$B$4:$B$203,$A$6,'🔢 Cálculo'!$I$4:$I$203),0))/6,"") -> 0 | E22: =IFERROR((IFERROR((AVERAGEIF('🔢 Cálculo'!$B$4:$B$203,$A$6,'🔢 Cálculo'!$D$4:$D$203)-1)/4*100,0)+IFERROR((AVERAGEIF('🔢 Cálculo'!$B$4:$B$203,$A$6,'🔢 Cálculo'!$E$4:$E$203)-1)/4*100,0)+IFERROR((AVERAGEIF('🔢 Cálculo'!$B$4:$B$203,$A$6,'🔢 Cálculo'!$F$4:$F$203)-1)/4*100,0)+IFERROR((AVERAGEIF('🔢 Cálculo'!$B$4:$B$203,$A$6,'🔢 Cálculo'!$G$4:$G$203)-1)/4*100,0)+IFERROR((AVERAGEIF('🔢 Cálculo'!$B$4:$B$203,$A$6,'🔢 Cálculo'!$H$4:$H$203)-1)/4*100,0)+IFERROR((AVERAGEIF('🔢 Cálculo'!$B$4:$B$203,$A$6,'🔢 Cálculo'!$I$4:$I$203)-1)/4*100,0))/6,"") -> 0 | F22: =IFERROR(IF(E22="","",IF(E22<25,"Baixo",IF(E22<50,"Moderado",IF(E22<75,"Alto","Crítico")))),"N/A") -> Baixo | G22: =IF(F22="Crítico","🔴 AÇÃO IMEDIATA","") | H22: =IF(F22="Alto","🟠 PRIORITÁRIO","") | I22: =IF(F22="Moderado","⚠️ PLANEJAR","")
A23: =$A$6 -> Administrativo / Técnico | B23: Organização do Trabalho | C23: =COUNTIF('🔢 Cálculo'!$B$4:$B$203,$A$6) -> 0 | D23: =IFERROR((IFERROR(AVERAGEIF('🔢 Cálculo'!$B$4:$B$203,$A$6,'🔢 Cálculo'!$J$4:$J$203),0)+IFERROR(AVERAGEIF('🔢 Cálculo'!$B$4:$B$203,$A$6,'🔢 Cálculo'!$K$4:$K$203),0)+IFERROR(AVERAGEIF('🔢 Cálculo'!$B$4:$B$203,$A$6,'🔢 Cálculo'!$L$4:$L$203),0)+IFERROR(AVERAGEIF('🔢 Cálculo'!$B$4:$B$203,$A$6,'🔢 Cálculo'!$M$4:$M$203),0)+IFERROR(AVERAGEIF('🔢 Cálculo'!$B$4:$B$203,$A$6,'🔢 Cálculo'!$N$4:$N$203),0)+IFERROR(AVERAGEIF('🔢 Cálculo'!$B$4:$B$203,$A$6,'🔢 Cálculo'!$O$4:$O$203),0))/6,"") -> 0 | E23: =IFERROR((IFERROR((5-AVERAGEIF('🔢 Cálculo'!$B$4:$B$203,$A$6,'🔢 Cálculo'!$J$4:$J$203))/4*100,0)+IFERROR((5-AVERAGEIF('🔢 Cálculo'!$B$4:$B$203,$A$6,'🔢 Cálculo'!$K$4:$K$203))/4*100,0)+IFERROR((5-AVERAGEIF('🔢 Cálculo'!$B$4:$B$203,$A$6,'🔢 Cálculo'!$L$4:$L$203))/4*100,0)+IFERROR((5-AVERAGEIF('🔢 Cálculo'!$B$4:$B$203,$A$6,'🔢 Cálculo'!$M$4:$M$203))/4*100,0)+IFERROR((5-AVERAGEIF('🔢 Cálculo'!$B$4:$B$203,$A$6,'🔢 Cálculo'!$N$4:$N$203))/4*100,0)+IFERROR((5-AVERAGEIF('🔢 Cálculo'!$B$4:$B$203,$A$6,'🔢 Cálculo'!$O$4:$O$203))/4*100,0))/6,"") -> 0 | F23: =IFERROR(IF(E23="","",IF(E23<25,"Baixo",IF(E23<50,"Moderado",IF(E23<75,"Alto","Crítico")))),"N/A") -> Baixo | G23: =IF(F23="Crítico","🔴 AÇÃO IMEDIATA","") | H23: =IF(F23="Alto","🟠 PRIORITÁRIO","") | I23: =IF(F23="Moderado","⚠️ PLANEJAR","")
A24: =$A$6 -> Administrativo / Técnico | B24: Relações Sociais e Liderança | C24: =COUNTIF('🔢 Cálculo'!$B$4:$B$203,$A$6) -> 0 | D24: =IFERROR((IFERROR(AVERAGEIF('🔢 Cálculo'!$B$4:$B$203,$A$6,'🔢 Cálculo'!$P$4:$P$203),0)+IFERROR(AVERAGEIF('🔢 Cálculo'!$B$4:$B$203,$A$6,'🔢 Cálculo'!$Q$4:$Q$203),0)+IFERROR(AVERAGEIF('🔢 Cálculo'!$B$4:$B$203,$A$6,'🔢 Cálculo'!$R$4:$R$203),0)+IFERROR(AVERAGEIF('🔢 Cálculo'!$B$4:$B$203,$A$6,'🔢 Cálculo'!$S$4:$S$203),0)+IFERROR(AVERAGEIF('🔢 Cálculo'!$B$4:$B$203,$A$6,'🔢 Cálculo'!$T$4:$T$203),0)+IFERROR(AVERAGEIF('🔢 Cálculo'!$B$4:$B$203,$A$6,'🔢 Cálculo'!$U$4:$U$203),0))/6,"") -> 0 | E24: =IFERROR((IFERROR((5-AVERAGEIF('🔢 Cálculo'!$B$4:$B$203,$A$6,'🔢 Cálculo'!$P$4:$P$203))/4*100,0)+IFERROR((5-AVERAGEIF('🔢 Cálculo'!$B$4:$B$203,$A$6,'🔢 Cálculo'!$Q$4:$Q$203))/4*100,0)+IFERROR((5-AVERAGEIF('🔢 Cálculo'!$B$4:$B$203,$A$6,'🔢 Cálculo'!$R$4:$R$203))/4*100,0)+IFERROR((5-AVERAGEIF('🔢 Cálculo'!$B$4:$B$203,$A$6,'🔢 Cálculo'!$S$4:$S$203))/4*100,0)+IFERROR((5-AVERAGEIF('🔢 Cálculo'!$B$4:$B$203,$A$6,'🔢 Cálculo'!$T$4:$T$203))/4*100,0)+IFERROR((5-AVERAGEIF('🔢 Cálculo'!$B$4:$B$203,$A$6,'🔢 Cálculo'!$U$4:$U$203))/4*100,0))/6,"") -> 0 | F24: =IFERROR(IF(E24="","",IF(E24<25,"Baixo",IF(E24<50,"Moderado",IF(E24<75,"Alto","Crítico")))),"N/A") -> Baixo | G24: =IF(F24="Crítico","🔴 AÇÃO IMEDIATA","") | H24: =IF(F24="Alto","🟠 PRIORITÁRIO","") | I24: =IF(F24="Moderado","⚠️ PLANEJAR","")
A25: =$A$6 -> Administrativo / Técnico | B25: Personalidade / Valores | C25: =COUNTIF('🔢 Cálculo'!$B$4:$B$203,$A$6) -> 0 | D25: =IFERROR((IFERROR(AVERAGEIF('🔢 Cálculo'!$B$4:$B$203,$A$6,'🔢 Cálculo'!$V$4:$V$203),0)+IFERROR(AVERAGEIF('🔢 Cálculo'!$B$4:$B$203,$A$6,'🔢 Cálculo'!$W$4:$W$203),0)+IFERROR(AVERAGEIF('🔢 Cálculo'!$B$4:$B$203,$A$6,'🔢 Cálculo'!$X$4:$X$203),0)+IFERROR(AVERAGEIF('🔢 Cálculo'!$B$4:$B$203,$A$6,'🔢 Cálculo'!$Y$4:$Y$203),0)+IFERROR(AVERAGEIF('🔢 Cálculo'!$B$4:$B$203,$A$6,'🔢 Cálculo'!$Z$4:$Z$203),0))/5,"") -> 0 | E25: =IFERROR((IFERROR((5-AVERAGEIF('🔢 Cálculo'!$B$4:$B$203,$A$6,'🔢 Cálculo'!$V$4:$V$203))/4*100,0)+IFERROR((5-AVERAGEIF('🔢 Cálculo'!$B$4:$B$203,$A$6,'🔢 Cálculo'!$W$4:$W$203))/4*100,0)+IFERROR((5-AVERAGEIF('🔢 Cálculo'!$B$4:$B$203,$A$6,'🔢 Cálculo'!$X$4:$X$203))/4*100,0)+IFERROR((5-AVERAGEIF('🔢 Cálculo'!$B$4:$B$203,$A$6,'🔢 Cálculo'!$Y$4:$Y$203))/4*100,0)+IFERROR((5-AVERAGEIF('🔢 Cálculo'!$B$4:$B$203,$A$6,'🔢 Cálculo'!$Z$4:$Z$203))/4*100,0))/5,"") -> 0 | F25: =IFERROR(IF(E25="","",IF(E25<25,"Baixo",IF(E25<50,"Moderado",IF(E25<75,"Alto","Crítico")))),"N/A") -> Baixo | G25: =IF(F25="Crítico","🔴 AÇÃO IMEDIATA","") | H25: =IF(F25="Alto","🟠 PRIORITÁRIO","") | I25: =IF(F25="Moderado","⚠️ PLANEJAR","")
A26: =$A$6 -> Administrativo / Técnico | B26: Interface Indivíduo-Trabalho | C26: =COUNTIF('🔢 Cálculo'!$B$4:$B$203,$A$6) -> 0 | D26: =IFERROR((IFERROR(AVERAGEIF('🔢 Cálculo'!$B$4:$B$203,$A$6,'🔢 Cálculo'!$AA$4:$AA$203),0)+IFERROR(AVERAGEIF('🔢 Cálculo'!$B$4:$B$203,$A$6,'🔢 Cálculo'!$AB$4:$AB$203),0)+IFERROR(AVERAGEIF('🔢 Cálculo'!$B$4:$B$203,$A$6,'🔢 Cálculo'!$AC$4:$AC$203),0)+IFERROR(AVERAGEIF('🔢 Cálculo'!$B$4:$B$203,$A$6,'🔢 Cálculo'!$AD$4:$AD$203),0)+IFERROR(AVERAGEIF('🔢 Cálculo'!$B$4:$B$203,$A$6,'🔢 Cálculo'!$AE$4:$AE$203),0))/5,"") -> 0 | E26: =IFERROR((IFERROR((5-AVERAGEIF('🔢 Cálculo'!$B$4:$B$203,$A$6,'🔢 Cálculo'!$AA$4:$AA$203))/4*100,0)+IFERROR((5-AVERAGEIF('🔢 Cálculo'!$B$4:$B$203,$A$6,'🔢 Cálculo'!$AB$4:$AB$203))/4*100,0)+IFERROR((5-AVERAGEIF('🔢 Cálculo'!$B$4:$B$203,$A$6,'🔢 Cálculo'!$AC$4:$AC$203))/4*100,0)+IFERROR((5-AVERAGEIF('🔢 Cálculo'!$B$4:$B$203,$A$6,'🔢 Cálculo'!$AD$4:$AD$203))/4*100,0)+IFERROR((AVERAGEIF('🔢 Cálculo'!$B$4:$B$203,$A$6,'🔢 Cálculo'!$AE$4:$AE$203)-1)/4*100,0))/5,"") -> 0 | F26: =IFERROR(IF(E26="","",IF(E26<25,"Baixo",IF(E26<50,"Moderado",IF(E26<75,"Alto","Crítico")))),"N/A") -> Baixo | G26: =IF(F26="Crítico","🔴 AÇÃO IMEDIATA","") | H26: =IF(F26="Alto","🟠 PRIORITÁRIO","") | I26: =IF(F26="Moderado","⚠️ PLANEJAR","")
A27: =$A$6 -> Administrativo / Técnico | B27: Saúde e Bem-Estar | C27: =COUNTIF('🔢 Cálculo'!$B$4:$B$203,$A$6) -> 0 | D27: =IFERROR((IFERROR(AVERAGEIF('🔢 Cálculo'!$B$4:$B$203,$A$6,'🔢 Cálculo'!$AF$4:$AF$203),0)+IFERROR(AVERAGEIF('🔢 Cálculo'!$B$4:$B$203,$A$6,'🔢 Cálculo'!$AG$4:$AG$203),0)+IFERROR(AVERAGEIF('🔢 Cálculo'!$B$4:$B$203,$A$6,'🔢 Cálculo'!$AH$4:$AH$203),0)+IFERROR(AVERAGEIF('🔢 Cálculo'!$B$4:$B$203,$A$6,'🔢 Cálculo'!$AI$4:$AI$203),0)+IFERROR(AVERAGEIF('🔢 Cálculo'!$B$4:$B$203,$A$6,'🔢 Cálculo'!$AJ$4:$AJ$203),0)+IFERROR(AVERAGEIF('🔢 Cálculo'!$B$4:$B$203,$A$6,'🔢 Cálculo'!$AK$4:$AK$203),0)+IFERROR(AVERAGEIF('🔢 Cálculo'!$B$4:$B$203,$A$6,'🔢 Cálculo'!$AL$4:$AL$203),0)+IFERROR(AVERAGEIF('🔢 Cálculo'!$B$4:$B$203,$A$6,'🔢 Cálculo'!$AM$4:$AM$203),0)+IFERROR(AVERAGEIF('🔢 Cálculo'!$B$4:$B$203,$A$6,'🔢 Cálculo'!$AN$4:$AN$203),0))/9,"") -> 0 | E27: =IFERROR((IFERROR((5-AVERAGEIF('🔢 Cálculo'!$B$4:$B$203,$A$6,'🔢 Cálculo'!$AF$4:$AF$203))/4*100,0)+IFERROR((AVERAGEIF('🔢 Cálculo'!$B$4:$B$203,$A$6,'🔢 Cálculo'!$AG$4:$AG$203)-1)/4*100,0)+IFERROR((AVERAGEIF('🔢 Cálculo'!$B$4:$B$203,$A$6,'🔢 Cálculo'!$AH$4:$AH$203)-1)/4*100,0)+IFERROR((AVERAGEIF('🔢 Cálculo'!$B$4:$B$203,$A$6,'🔢 Cálculo'!$AI$4:$AI$203)-1)/4*100,0)+IFERROR((AVERAGEIF('🔢 Cálculo'!$B$4:$B$203,$A$6,'🔢 Cálculo'!$AJ$4:$AJ$203)-1)/4*100,0)+IFERROR((AVERAGEIF('🔢 Cálculo'!$B$4:$B$203,$A$6,'🔢 Cálculo'!$AK$4:$AK$203)-1)/4*100,0)+IFERROR((AVERAGEIF('🔢 Cálculo'!$B$4:$B$203,$A$6,'🔢 Cálculo'!$AL$4:$AL$203)-1)/4*100,0)+IFERROR((AVERAGEIF('🔢 Cálculo'!$B$4:$B$203,$A$6,'🔢 Cálculo'!$AM$4:$AM$203)-1)/4*100,0)+IFERROR((AVERAGEIF('🔢 Cálculo'!$B$4:$B$203,$A$6,'🔢 Cálculo'!$AN$4:$AN$203)-1)/4*100,0))/9,"") -> 0 | F27: =IFERROR(IF(E27="","",IF(E27<25,"Baixo",IF(E27<50,"Moderado",IF(E27<75,"Alto","Crítico")))),"N/A") -> Baixo | G27: =IF(F27="Crítico","🔴 AÇÃO IMEDIATA","") | H27: =IF(F27="Alto","🟠 PRIORITÁRIO","") | I27: =IF(F27="Moderado","⚠️ PLANEJAR","")
A28: =$A$6 -> Administrativo / Técnico | B28: Comportamentos Ofensivos | C28: =COUNTIF('🔢 Cálculo'!$B$4:$B$203,$A$6) -> 0 | D28: =IFERROR((IFERROR(AVERAGEIF('🔢 Cálculo'!$B$4:$B$203,$A$6,'🔢 Cálculo'!$AO$4:$AO$203),0)+IFERROR(AVERAGEIF('🔢 Cálculo'!$B$4:$B$203,$A$6,'🔢 Cálculo'!$AP$4:$AP$203),0)+IFERROR(AVERAGEIF('🔢 Cálculo'!$B$4:$B$203,$A$6,'🔢 Cálculo'!$AQ$4:$AQ$203),0)+IFERROR(AVERAGEIF('🔢 Cálculo'!$B$4:$B$203,$A$6,'🔢 Cálculo'!$AR$4:$AR$203),0))/4,"") -> 0 | E28: =IFERROR((IFERROR((AVERAGEIF('🔢 Cálculo'!$B$4:$B$203,$A$6,'🔢 Cálculo'!$AO$4:$AO$203)-1)/4*100,0)+IFERROR((AVERAGEIF('🔢 Cálculo'!$B$4:$B$203,$A$6,'🔢 Cálculo'!$AP$4:$AP$203)-1)/4*100,0)+IFERROR((AVERAGEIF('🔢 Cálculo'!$B$4:$B$203,$A$6,'🔢 Cálculo'!$AQ$4:$AQ$203)-1)/4*100,0)+IFERROR((AVERAGEIF('🔢 Cálculo'!$B$4:$B$203,$A$6,'🔢 Cálculo'!$AR$4:$AR$203)-1)/4*100,0))/4,"") -> 0 | F28: =IFERROR(IF(E28="","",IF(E28<25,"Baixo",IF(E28<50,"Moderado",IF(E28<75,"Alto","Crítico")))),"N/A") -> Baixo | G28: =IF(F28="Crítico","🔴 AÇÃO IMEDIATA","") | H28: =IF(F28="Alto","🟠 PRIORITÁRIO","") | I28: =IF(F28="Moderado","⚠️ PLANEJAR","")
A29: =$A$7 -> 0 | B29: Exigência Laboral | C29: =COUNTIF('🔢 Cálculo'!$B$4:$B$203,$A$7) -> 200 | D29: =IFERROR((IFERROR(AVERAGEIF('🔢 Cálculo'!$B$4:$B$203,$A$7,'🔢 Cálculo'!$D$4:$D$203),0)+IFERROR(AVERAGEIF('🔢 Cálculo'!$B$4:$B$203,$A$7,'🔢 Cálculo'!$E$4:$E$203),0)+IFERROR(AVERAGEIF('🔢 Cálculo'!$B$4:$B$203,$A$7,'🔢 Cálculo'!$F$4:$F$203),0)+IFERROR(AVERAGEIF('🔢 Cálculo'!$B$4:$B$203,$A$7,'🔢 Cálculo'!$G$4:$G$203),0)+IFERROR(AVERAGEIF('🔢 Cálculo'!$B$4:$B$203,$A$7,'🔢 Cálculo'!$H$4:$H$203),0)+IFERROR(AVERAGEIF('🔢 Cálculo'!$B$4:$B$203,$A$7,'🔢 Cálculo'!$I$4:$I$203),0))/6,"") -> 0 | E29: =IFERROR((IFERROR((AVERAGEIF('🔢 Cálculo'!$B$4:$B$203,$A$7,'🔢 Cálculo'!$D$4:$D$203)-1)/4*100,0)+IFERROR((AVERAGEIF('🔢 Cálculo'!$B$4:$B$203,$A$7,'🔢 Cálculo'!$E$4:$E$203)-1)/4*100,0)+IFERROR((AVERAGEIF('🔢 Cálculo'!$B$4:$B$203,$A$7,'🔢 Cálculo'!$F$4:$F$203)-1)/4*100,0)+IFERROR((AVERAGEIF('🔢 Cálculo'!$B$4:$B$203,$A$7,'🔢 Cálculo'!$G$4:$G$203)-1)/4*100,0)+IFERROR((AVERAGEIF('🔢 Cálculo'!$B$4:$B$203,$A$7,'🔢 Cálculo'!$H$4:$H$203)-1)/4*100,0)+IFERROR((AVERAGEIF('🔢 Cálculo'!$B$4:$B$203,$A$7,'🔢 Cálculo'!$I$4:$I$203)-1)/4*100,0))/6,"") -> 0 | F29: =IFERROR(IF(E29="","",IF(E29<25,"Baixo",IF(E29<50,"Moderado",IF(E29<75,"Alto","Crítico")))),"N/A") -> Baixo | G29: =IF(F29="Crítico","🔴 AÇÃO IMEDIATA","") | H29: =IF(F29="Alto","🟠 PRIORITÁRIO","") | I29: =IF(F29="Moderado","⚠️ PLANEJAR","")
A30: =$A$7 -> 0 | B30: Organização do Trabalho | C30: =COUNTIF('🔢 Cálculo'!$B$4:$B$203,$A$7) -> 200 | D30: =IFERROR((IFERROR(AVERAGEIF('🔢 Cálculo'!$B$4:$B$203,$A$7,'🔢 Cálculo'!$J$4:$J$203),0)+IFERROR(AVERAGEIF('🔢 Cálculo'!$B$4:$B$203,$A$7,'🔢 Cálculo'!$K$4:$K$203),0)+IFERROR(AVERAGEIF('🔢 Cálculo'!$B$4:$B$203,$A$7,'🔢 Cálculo'!$L$4:$L$203),0)+IFERROR(AVERAGEIF('🔢 Cálculo'!$B$4:$B$203,$A$7,'🔢 Cálculo'!$M$4:$M$203),0)+IFERROR(AVERAGEIF('🔢 Cálculo'!$B$4:$B$203,$A$7,'🔢 Cálculo'!$N$4:$N$203),0)+IFERROR(AVERAGEIF('🔢 Cálculo'!$B$4:$B$203,$A$7,'🔢 Cálculo'!$O$4:$O$203),0))/6,"") -> 0 | E30: =IFERROR((IFERROR((5-AVERAGEIF('🔢 Cálculo'!$B$4:$B$203,$A$7,'🔢 Cálculo'!$J$4:$J$203))/4*100,0)+IFERROR((5-AVERAGEIF('🔢 Cálculo'!$B$4:$B$203,$A$7,'🔢 Cálculo'!$K$4:$K$203))/4*100,0)+IFERROR((5-AVERAGEIF('🔢 Cálculo'!$B$4:$B$203,$A$7,'🔢 Cálculo'!$L$4:$L$203))/4*100,0)+IFERROR((5-AVERAGEIF('🔢 Cálculo'!$B$4:$B$203,$A$7,'🔢 Cálculo'!$M$4:$M$203))/4*100,0)+IFERROR((5-AVERAGEIF('🔢 Cálculo'!$B$4:$B$203,$A$7,'🔢 Cálculo'!$N$4:$N$203))/4*100,0)+IFERROR((5-AVERAGEIF('🔢 Cálculo'!$B$4:$B$203,$A$7,'🔢 Cálculo'!$O$4:$O$203))/4*100,0))/6,"") -> 0 | F30: =IFERROR(IF(E30="","",IF(E30<25,"Baixo",IF(E30<50,"Moderado",IF(E30<75,"Alto","Crítico")))),"N/A") -> Baixo | G30: =IF(F30="Crítico","🔴 AÇÃO IMEDIATA","") | H30: =IF(F30="Alto","🟠 PRIORITÁRIO","") | I30: =IF(F30="Moderado","⚠️ PLANEJAR","")
A31: =$A$7 -> 0 | B31: Relações Sociais e Liderança | C31: =COUNTIF('🔢 Cálculo'!$B$4:$B$203,$A$7) -> 200 | D31: =IFERROR((IFERROR(AVERAGEIF('🔢 Cálculo'!$B$4:$B$203,$A$7,'🔢 Cálculo'!$P$4:$P$203),0)+IFERROR(AVERAGEIF('🔢 Cálculo'!$B$4:$B$203,$A$7,'🔢 Cálculo'!$Q$4:$Q$203),0)+IFERROR(AVERAGEIF('🔢 Cálculo'!$B$4:$B$203,$A$7,'🔢 Cálculo'!$R$4:$R$203),0)+IFERROR(AVERAGEIF('🔢 Cálculo'!$B$4:$B$203,$A$7,'🔢 Cálculo'!$S$4:$S$203),0)+IFERROR(AVERAGEIF('🔢 Cálculo'!$B$4:$B$203,$A$7,'🔢 Cálculo'!$T$4:$T$203),0)+IFERROR(AVERAGEIF('🔢 Cálculo'!$B$4:$B$203,$A$7,'🔢 Cálculo'!$U$4:$U$203),0))/6,"") -> 0 | E31: =IFERROR((IFERROR((5-AVERAGEIF('🔢 Cálculo'!$B$4:$B$203,$A$7,'🔢 Cálculo'!$P$4:$P$203))/4*100,0)+IFERROR((5-AVERAGEIF('🔢 Cálculo'!$B$4:$B$203,$A$7,'🔢 Cálculo'!$Q$4:$Q$203))/4*100,0)+IFERROR((5-AVERAGEIF('🔢 Cálculo'!$B$4:$B$203,$A$7,'🔢 Cálculo'!$R$4:$R$203))/4*100,0)+IFERROR((5-AVERAGEIF('🔢 Cálculo'!$B$4:$B$203,$A$7,'🔢 Cálculo'!$S$4:$S$203))/4*100,0)+IFERROR((5-AVERAGEIF('🔢 Cálculo'!$B$4:$B$203,$A$7,'🔢 Cálculo'!$T$4:$T$203))/4*100,0)+IFERROR((5-AVERAGEIF('🔢 Cálculo'!$B$4:$B$203,$A$7,'🔢 Cálculo'!$U$4:$U$203))/4*100,0))/6,"") -> 0 | F31: =IFERROR(IF(E31="","",IF(E31<25,"Baixo",IF(E31<50,"Moderado",IF(E31<75,"Alto","Crítico")))),"N/A") -> Baixo | G31: =IF(F31="Crítico","🔴 AÇÃO IMEDIATA","") | H31: =IF(F31="Alto","🟠 PRIORITÁRIO","") | I31: =IF(F31="Moderado","⚠️ PLANEJAR","")
A32: =$A$7 -> 0 | B32: Personalidade / Valores | C32: =COUNTIF('🔢 Cálculo'!$B$4:$B$203,$A$7) -> 200 | D32: =IFERROR((IFERROR(AVERAGEIF('🔢 Cálculo'!$B$4:$B$203,$A$7,'🔢 Cálculo'!$V$4:$V$203),0)+IFERROR(AVERAGEIF('🔢 Cálculo'!$B$4:$B$203,$A$7,'🔢 Cálculo'!$W$4:$W$203),0)+IFERROR(AVERAGEIF('🔢 Cálculo'!$B$4:$B$203,$A$7,'🔢 Cálculo'!$X$4:$X$203),0)+IFERROR(AVERAGEIF('🔢 Cálculo'!$B$4:$B$203,$A$7,'🔢 Cálculo'!$Y$4:$Y$203),0)+IFERROR(AVERAGEIF('🔢 Cálculo'!$B$4:$B$203,$A$7,'🔢 Cálculo'!$Z$4:$Z$203),0))/5,"") -> 0 | E32: =IFERROR((IFERROR((5-AVERAGEIF('🔢 Cálculo'!$B$4:$B$203,$A$7,'🔢 Cálculo'!$V$4:$V$203))/4*100,0)+IFERROR((5-AVERAGEIF('🔢 Cálculo'!$B$4:$B$203,$A$7,'🔢 Cálculo'!$W$4:$W$203))/4*100,0)+IFERROR((5-AVERAGEIF('🔢 Cálculo'!$B$4:$B$203,$A$7,'🔢 Cálculo'!$X$4:$X$203))/4*100,0)+IFERROR((5-AVERAGEIF('🔢 Cálculo'!$B$4:$B$203,$A$7,'🔢 Cálculo'!$Y$4:$Y$203))/4*100,0)+IFERROR((5-AVERAGEIF('🔢 Cálculo'!$B$4:$B$203,$A$7,'🔢 Cálculo'!$Z$4:$Z$203))/4*100,0))/5,"") -> 0 | F32: =IFERROR(IF(E32="","",IF(E32<25,"Baixo",IF(E32<50,"Moderado",IF(E32<75,"Alto","Crítico")))),"N/A") -> Baixo | G32: =IF(F32="Crítico","🔴 AÇÃO IMEDIATA","") | H32: =IF(F32="Alto","🟠 PRIORITÁRIO","") | I32: =IF(F32="Moderado","⚠️ PLANEJAR","")
A33: =$A$7 -> 0 | B33: Interface Indivíduo-Trabalho | C33: =COUNTIF('🔢 Cálculo'!$B$4:$B$203,$A$7) -> 200 | D33: =IFERROR((IFERROR(AVERAGEIF('🔢 Cálculo'!$B$4:$B$203,$A$7,'🔢 Cálculo'!$AA$4:$AA$203),0)+IFERROR(AVERAGEIF('🔢 Cálculo'!$B$4:$B$203,$A$7,'🔢 Cálculo'!$AB$4:$AB$203),0)+IFERROR(AVERAGEIF('🔢 Cálculo'!$B$4:$B$203,$A$7,'🔢 Cálculo'!$AC$4:$AC$203),0)+IFERROR(AVERAGEIF('🔢 Cálculo'!$B$4:$B$203,$A$7,'🔢 Cálculo'!$AD$4:$AD$203),0)+IFERROR(AVERAGEIF('🔢 Cálculo'!$B$4:$B$203,$A$7,'🔢 Cálculo'!$AE$4:$AE$203),0))/5,"") -> 0 | E33: =IFERROR((IFERROR((5-AVERAGEIF('🔢 Cálculo'!$B$4:$B$203,$A$7,'🔢 Cálculo'!$AA$4:$AA$203))/4*100,0)+IFERROR((5-AVERAGEIF('🔢 Cálculo'!$B$4:$B$203,$A$7,'🔢 Cálculo'!$AB$4:$AB$203))/4*100,0)+IFERROR((5-AVERAGEIF('🔢 Cálculo'!$B$4:$B$203,$A$7,'🔢 Cálculo'!$AC$4:$AC$203))/4*100,0)+IFERROR((5-AVERAGEIF('🔢 Cálculo'!$B$4:$B$203,$A$7,'🔢 Cálculo'!$AD$4:$AD$203))/4*100,0)+IFERROR((AVERAGEIF('🔢 Cálculo'!$B$4:$B$203,$A$7,'🔢 Cálculo'!$AE$4:$AE$203)-1)/4*100,0))/5,"") -> 0 | F33: =IFERROR(IF(E33="","",IF(E33<25,"Baixo",IF(E33<50,"Moderado",IF(E33<75,"Alto","Crítico")))),"N/A") -> Baixo | G33: =IF(F33="Crítico","🔴 AÇÃO IMEDIATA","") | H33: =IF(F33="Alto","🟠 PRIORITÁRIO","") | I33: =IF(F33="Moderado","⚠️ PLANEJAR","")
A34: =$A$7 -> 0 | B34: Saúde e Bem-Estar | C34: =COUNTIF('🔢 Cálculo'!$B$4:$B$203,$A$7) -> 200 | D34: =IFERROR((IFERROR(AVERAGEIF('🔢 Cálculo'!$B$4:$B$203,$A$7,'🔢 Cálculo'!$AF$4:$AF$203),0)+IFERROR(AVERAGEIF('🔢 Cálculo'!$B$4:$B$203,$A$7,'🔢 Cálculo'!$AG$4:$AG$203),0)+IFERROR(AVERAGEIF('🔢 Cálculo'!$B$4:$B$203,$A$7,'🔢 Cálculo'!$AH$4:$AH$203),0)+IFERROR(AVERAGEIF('🔢 Cálculo'!$B$4:$B$203,$A$7,'🔢 Cálculo'!$AI$4:$AI$203),0)+IFERROR(AVERAGEIF('🔢 Cálculo'!$B$4:$B$203,$A$7,'🔢 Cálculo'!$AJ$4:$AJ$203),0)+IFERROR(AVERAGEIF('🔢 Cálculo'!$B$4:$B$203,$A$7,'🔢 Cálculo'!$AK$4:$AK$203),0)+IFERROR(AVERAGEIF('🔢 Cálculo'!$B$4:$B$203,$A$7,'🔢 Cálculo'!$AL$4:$AL$203),0)+IFERROR(AVERAGEIF('🔢 Cálculo'!$B$4:$B$203,$A$7,'🔢 Cálculo'!$AM$4:$AM$203),0)+IFERROR(AVERAGEIF('🔢 Cálculo'!$B$4:$B$203,$A$7,'🔢 Cálculo'!$AN$4:$AN$203),0))/9,"") -> 0 | E34: =IFERROR((IFERROR((5-AVERAGEIF('🔢 Cálculo'!$B$4:$B$203,$A$7,'🔢 Cálculo'!$AF$4:$AF$203))/4*100,0)+IFERROR((AVERAGEIF('🔢 Cálculo'!$B$4:$B$203,$A$7,'🔢 Cálculo'!$AG$4:$AG$203)-1)/4*100,0)+IFERROR((AVERAGEIF('🔢 Cálculo'!$B$4:$B$203,$A$7,'🔢 Cálculo'!$AH$4:$AH$203)-1)/4*100,0)+IFERROR((AVERAGEIF('🔢 Cálculo'!$B$4:$B$203,$A$7,'🔢 Cálculo'!$AI$4:$AI$203)-1)/4*100,0)+IFERROR((AVERAGEIF('🔢 Cálculo'!$B$4:$B$203,$A$7,'🔢 Cálculo'!$AJ$4:$AJ$203)-1)/4*100,0)+IFERROR((AVERAGEIF('🔢 Cálculo'!$B$4:$B$203,$A$7,'🔢 Cálculo'!$AK$4:$AK$203)-1)/4*100,0)+IFERROR((AVERAGEIF('🔢 Cálculo'!$B$4:$B$203,$A$7,'🔢 Cálculo'!$AL$4:$AL$203)-1)/4*100,0)+IFERROR((AVERAGEIF('🔢 Cálculo'!$B$4:$B$203,$A$7,'🔢 Cálculo'!$AM$4:$AM$203)-1)/4*100,0)+IFERROR((AVERAGEIF('🔢 Cálculo'!$B$4:$B$203,$A$7,'🔢 Cálculo'!$AN$4:$AN$203)-1)/4*100,0))/9,"") -> 0 | F34: =IFERROR(IF(E34="","",IF(E34<25,"Baixo",IF(E34<50,"Moderado",IF(E34<75,"Alto","Crítico")))),"N/A") -> Baixo | G34: =IF(F34="Crítico","🔴 AÇÃO IMEDIATA","") | H34: =IF(F34="Alto","🟠 PRIORITÁRIO","") | I34: =IF(F34="Moderado","⚠️ PLANEJAR","")
A35: =$A$7 -> 0 | B35: Comportamentos Ofensivos | C35: =COUNTIF('🔢 Cálculo'!$B$4:$B$203,$A$7) -> 200 | D35: =IFERROR((IFERROR(AVERAGEIF('🔢 Cálculo'!$B$4:$B$203,$A$7,'🔢 Cálculo'!$AO$4:$AO$203),0)+IFERROR(AVERAGEIF('🔢 Cálculo'!$B$4:$B$203,$A$7,'🔢 Cálculo'!$AP$4:$AP$203),0)+IFERROR(AVERAGEIF('🔢 Cálculo'!$B$4:$B$203,$A$7,'🔢 Cálculo'!$AQ$4:$AQ$203),0)+IFERROR(AVERAGEIF('🔢 Cálculo'!$B$4:$B$203,$A$7,'🔢 Cálculo'!$AR$4:$AR$203),0))/4,"") -> 0 | E35: =IFERROR((IFERROR((AVERAGEIF('🔢 Cálculo'!$B$4:$B$203,$A$7,'🔢 Cálculo'!$AO$4:$AO$203)-1)/4*100,0)+IFERROR((AVERAGEIF('🔢 Cálculo'!$B$4:$B$203,$A$7,'🔢 Cálculo'!$AP$4:$AP$203)-1)/4*100,0)+IFERROR((AVERAGEIF('🔢 Cálculo'!$B$4:$B$203,$A$7,'🔢 Cálculo'!$AQ$4:$AQ$203)-1)/4*100,0)+IFERROR((AVERAGEIF('🔢 Cálculo'!$B$4:$B$203,$A$7,'🔢 Cálculo'!$AR$4:$AR$203)-1)/4*100,0))/4,"") -> 0 | F35: =IFERROR(IF(E35="","",IF(E35<25,"Baixo",IF(E35<50,"Moderado",IF(E35<75,"Alto","Crítico")))),"N/A") -> Baixo | G35: =IF(F35="Crítico","🔴 AÇÃO IMEDIATA","") | H35: =IF(F35="Alto","🟠 PRIORITÁRIO","") | I35: =IF(F35="Moderado","⚠️ PLANEJAR","")
A36: =$A$8 -> 0 | B36: Exigência Laboral | C36: =COUNTIF('🔢 Cálculo'!$B$4:$B$203,$A$8) -> 200 | D36: =IFERROR((IFERROR(AVERAGEIF('🔢 Cálculo'!$B$4:$B$203,$A$8,'🔢 Cálculo'!$D$4:$D$203),0)+IFERROR(AVERAGEIF('🔢 Cálculo'!$B$4:$B$203,$A$8,'🔢 Cálculo'!$E$4:$E$203),0)+IFERROR(AVERAGEIF('🔢 Cálculo'!$B$4:$B$203,$A$8,'🔢 Cálculo'!$F$4:$F$203),0)+IFERROR(AVERAGEIF('🔢 Cálculo'!$B$4:$B$203,$A$8,'🔢 Cálculo'!$G$4:$G$203),0)+IFERROR(AVERAGEIF('🔢 Cálculo'!$B$4:$B$203,$A$8,'🔢 Cálculo'!$H$4:$H$203),0)+IFERROR(AVERAGEIF('🔢 Cálculo'!$B$4:$B$203,$A$8,'🔢 Cálculo'!$I$4:$I$203),0))/6,"") -> 0 | E36: =IFERROR((IFERROR((AVERAGEIF('🔢 Cálculo'!$B$4:$B$203,$A$8,'🔢 Cálculo'!$D$4:$D$203)-1)/4*100,0)+IFERROR((AVERAGEIF('🔢 Cálculo'!$B$4:$B$203,$A$8,'🔢 Cálculo'!$E$4:$E$203)-1)/4*100,0)+IFERROR((AVERAGEIF('🔢 Cálculo'!$B$4:$B$203,$A$8,'🔢 Cálculo'!$F$4:$F$203)-1)/4*100,0)+IFERROR((AVERAGEIF('🔢 Cálculo'!$B$4:$B$203,$A$8,'🔢 Cálculo'!$G$4:$G$203)-1)/4*100,0)+IFERROR((AVERAGEIF('🔢 Cálculo'!$B$4:$B$203,$A$8,'🔢 Cálculo'!$H$4:$H$203)-1)/4*100,0)+IFERROR((AVERAGEIF('🔢 Cálculo'!$B$4:$B$203,$A$8,'🔢 Cálculo'!$I$4:$I$203)-1)/4*100,0))/6,"") -> 0 | F36: =IFERROR(IF(E36="","",IF(E36<25,"Baixo",IF(E36<50,"Moderado",IF(E36<75,"Alto","Crítico")))),"N/A") -> Baixo | G36: =IF(F36="Crítico","🔴 AÇÃO IMEDIATA","") | H36: =IF(F36="Alto","🟠 PRIORITÁRIO","") | I36: =IF(F36="Moderado","⚠️ PLANEJAR","")
A37: =$A$8 -> 0 | B37: Organização do Trabalho | C37: =COUNTIF('🔢 Cálculo'!$B$4:$B$203,$A$8) -> 200 | D37: =IFERROR((IFERROR(AVERAGEIF('🔢 Cálculo'!$B$4:$B$203,$A$8,'🔢 Cálculo'!$J$4:$J$203),0)+IFERROR(AVERAGEIF('🔢 Cálculo'!$B$4:$B$203,$A$8,'🔢 Cálculo'!$K$4:$K$203),0)+IFERROR(AVERAGEIF('🔢 Cálculo'!$B$4:$B$203,$A$8,'🔢 Cálculo'!$L$4:$L$203),0)+IFERROR(AVERAGEIF('🔢 Cálculo'!$B$4:$B$203,$A$8,'🔢 Cálculo'!$M$4:$M$203),0)+IFERROR(AVERAGEIF('🔢 Cálculo'!$B$4:$B$203,$A$8,'🔢 Cálculo'!$N$4:$N$203),0)+IFERROR(AVERAGEIF('🔢 Cálculo'!$B$4:$B$203,$A$8,'🔢 Cálculo'!$O$4:$O$203),0))/6,"") -> 0 | E37: =IFERROR((IFERROR((5-AVERAGEIF('🔢 Cálculo'!$B$4:$B$203,$A$8,'🔢 Cálculo'!$J$4:$J$203))/4*100,0)+IFERROR((5-AVERAGEIF('🔢 Cálculo'!$B$4:$B$203,$A$8,'🔢 Cálculo'!$K$4:$K$203))/4*100,0)+IFERROR((5-AVERAGEIF('🔢 Cálculo'!$B$4:$B$203,$A$8,'🔢 Cálculo'!$L$4:$L$203))/4*100,0)+IFERROR((5-AVERAGEIF('🔢 Cálculo'!$B$4:$B$203,$A$8,'🔢 Cálculo'!$M$4:$M$203))/4*100,0)+IFERROR((5-AVERAGEIF('🔢 Cálculo'!$B$4:$B$203,$A$8,'🔢 Cálculo'!$N$4:$N$203))/4*100,0)+IFERROR((5-AVERAGEIF('🔢 Cálculo'!$B$4:$B$203,$A$8,'🔢 Cálculo'!$O$4:$O$203))/4*100,0))/6,"") -> 0 | F37: =IFERROR(IF(E37="","",IF(E37<25,"Baixo",IF(E37<50,"Moderado",IF(E37<75,"Alto","Crítico")))),"N/A") -> Baixo | G37: =IF(F37="Crítico","🔴 AÇÃO IMEDIATA","") | H37: =IF(F37="Alto","🟠 PRIORITÁRIO","") | I37: =IF(F37="Moderado","⚠️ PLANEJAR","")
A38: =$A$8 -> 0 | B38: Relações Sociais e Liderança | C38: =COUNTIF('🔢 Cálculo'!$B$4:$B$203,$A$8) -> 200 | D38: =IFERROR((IFERROR(AVERAGEIF('🔢 Cálculo'!$B$4:$B$203,$A$8,'🔢 Cálculo'!$P$4:$P$203),0)+IFERROR(AVERAGEIF('🔢 Cálculo'!$B$4:$B$203,$A$8,'🔢 Cálculo'!$Q$4:$Q$203),0)+IFERROR(AVERAGEIF('🔢 Cálculo'!$B$4:$B$203,$A$8,'🔢 Cálculo'!$R$4:$R$203),0)+IFERROR(AVERAGEIF('🔢 Cálculo'!$B$4:$B$203,$A$8,'🔢 Cálculo'!$S$4:$S$203),0)+IFERROR(AVERAGEIF('🔢 Cálculo'!$B$4:$B$203,$A$8,'🔢 Cálculo'!$T$4:$T$203),0)+IFERROR(AVERAGEIF('🔢 Cálculo'!$B$4:$B$203,$A$8,'🔢 Cálculo'!$U$4:$U$203),0))/6,"") -> 0 | E38: =IFERROR((IFERROR((5-AVERAGEIF('🔢 Cálculo'!$B$4:$B$203,$A$8,'🔢 Cálculo'!$P$4:$P$203))/4*100,0)+IFERROR((5-AVERAGEIF('🔢 Cálculo'!$B$4:$B$203,$A$8,'🔢 Cálculo'!$Q$4:$Q$203))/4*100,0)+IFERROR((5-AVERAGEIF('🔢 Cálculo'!$B$4:$B$203,$A$8,'🔢 Cálculo'!$R$4:$R$203))/4*100,0)+IFERROR((5-AVERAGEIF('🔢 Cálculo'!$B$4:$B$203,$A$8,'🔢 Cálculo'!$S$4:$S$203))/4*100,0)+IFERROR((5-AVERAGEIF('🔢 Cálculo'!$B$4:$B$203,$A$8,'🔢 Cálculo'!$T$4:$T$203))/4*100,0)+IFERROR((5-AVERAGEIF('🔢 Cálculo'!$B$4:$B$203,$A$8,'🔢 Cálculo'!$U$4:$U$203))/4*100,0))/6,"") -> 0 | F38: =IFERROR(IF(E38="","",IF(E38<25,"Baixo",IF(E38<50,"Moderado",IF(E38<75,"Alto","Crítico")))),"N/A") -> Baixo | G38: =IF(F38="Crítico","🔴 AÇÃO IMEDIATA","") | H38: =IF(F38="Alto","🟠 PRIORITÁRIO","") | I38: =IF(F38="Moderado","⚠️ PLANEJAR","")
A39: =$A$8 -> 0 | B39: Personalidade / Valores | C39: =COUNTIF('🔢 Cálculo'!$B$4:$B$203,$A$8) -> 200 | D39: =IFERROR((IFERROR(AVERAGEIF('🔢 Cálculo'!$B$4:$B$203,$A$8,'🔢 Cálculo'!$V$4:$V$203),0)+IFERROR(AVERAGEIF('🔢 Cálculo'!$B$4:$B$203,$A$8,'🔢 Cálculo'!$W$4:$W$203),0)+IFERROR(AVERAGEIF('🔢 Cálculo'!$B$4:$B$203,$A$8,'🔢 Cálculo'!$X$4:$X$203),0)+IFERROR(AVERAGEIF('🔢 Cálculo'!$B$4:$B$203,$A$8,'🔢 Cálculo'!$Y$4:$Y$203),0)+IFERROR(AVERAGEIF('🔢 Cálculo'!$B$4:$B$203,$A$8,'🔢 Cálculo'!$Z$4:$Z$203),0))/5,"") -> 0 | E39: =IFERROR((IFERROR((5-AVERAGEIF('🔢 Cálculo'!$B$4:$B$203,$A$8,'🔢 Cálculo'!$V$4:$V$203))/4*100,0)+IFERROR((5-AVERAGEIF('🔢 Cálculo'!$B$4:$B$203,$A$8,'🔢 Cálculo'!$W$4:$W$203))/4*100,0)+IFERROR((5-AVERAGEIF('🔢 Cálculo'!$B$4:$B$203,$A$8,'🔢 Cálculo'!$X$4:$X$203))/4*100,0)+IFERROR((5-AVERAGEIF('🔢 Cálculo'!$B$4:$B$203,$A$8,'🔢 Cálculo'!$Y$4:$Y$203))/4*100,0)+IFERROR((5-AVERAGEIF('🔢 Cálculo'!$B$4:$B$203,$A$8,'🔢 Cálculo'!$Z$4:$Z$203))/4*100,0))/5,"") -> 0 | F39: =IFERROR(IF(E39="","",IF(E39<25,"Baixo",IF(E39<50,"Moderado",IF(E39<75,"Alto","Crítico")))),"N/A") -> Baixo | G39: =IF(F39="Crítico","🔴 AÇÃO IMEDIATA","") | H39: =IF(F39="Alto","🟠 PRIORITÁRIO","") | I39: =IF(F39="Moderado","⚠️ PLANEJAR","")
A40: =$A$8 -> 0 | B40: Interface Indivíduo-Trabalho | C40: =COUNTIF('🔢 Cálculo'!$B$4:$B$203,$A$8) -> 200 | D40: =IFERROR((IFERROR(AVERAGEIF('🔢 Cálculo'!$B$4:$B$203,$A$8,'🔢 Cálculo'!$AA$4:$AA$203),0)+IFERROR(AVERAGEIF('🔢 Cálculo'!$B$4:$B$203,$A$8,'🔢 Cálculo'!$AB$4:$AB$203),0)+IFERROR(AVERAGEIF('🔢 Cálculo'!$B$4:$B$203,$A$8,'🔢 Cálculo'!$AC$4:$AC$203),0)+IFERROR(AVERAGEIF('🔢 Cálculo'!$B$4:$B$203,$A$8,'🔢 Cálculo'!$AD$4:$AD$203),0)+IFERROR(AVERAGEIF('🔢 Cálculo'!$B$4:$B$203,$A$8,'🔢 Cálculo'!$AE$4:$AE$203),0))/5,"") -> 0 | E40: =IFERROR((IFERROR((5-AVERAGEIF('🔢 Cálculo'!$B$4:$B$203,$A$8,'🔢 Cálculo'!$AA$4:$AA$203))/4*100,0)+IFERROR((5-AVERAGEIF('🔢 Cálculo'!$B$4:$B$203,$A$8,'🔢 Cálculo'!$AB$4:$AB$203))/4*100,0)+IFERROR((5-AVERAGEIF('🔢 Cálculo'!$B$4:$B$203,$A$8,'🔢 Cálculo'!$AC$4:$AC$203))/4*100,0)+IFERROR((5-AVERAGEIF('🔢 Cálculo'!$B$4:$B$203,$A$8,'🔢 Cálculo'!$AD$4:$AD$203))/4*100,0)+IFERROR((AVERAGEIF('🔢 Cálculo'!$B$4:$B$203,$A$8,'🔢 Cálculo'!$AE$4:$AE$203)-1)/4*100,0))/5,"") -> 0 | F40: =IFERROR(IF(E40="","",IF(E40<25,"Baixo",IF(E40<50,"Moderado",IF(E40<75,"Alto","Crítico")))),"N/A") -> Baixo | G40: =IF(F40="Crítico","🔴 AÇÃO IMEDIATA","") | H40: =IF(F40="Alto","🟠 PRIORITÁRIO","") | I40: =IF(F40="Moderado","⚠️ PLANEJAR","")
A41: =$A$8 -> 0 | B41: Saúde e Bem-Estar | C41: =COUNTIF('🔢 Cálculo'!$B$4:$B$203,$A$8) -> 200 | D41: =IFERROR((IFERROR(AVERAGEIF('🔢 Cálculo'!$B$4:$B$203,$A$8,'🔢 Cálculo'!$AF$4:$AF$203),0)+IFERROR(AVERAGEIF('🔢 Cálculo'!$B$4:$B$203,$A$8,'🔢 Cálculo'!$AG$4:$AG$203),0)+IFERROR(AVERAGEIF('🔢 Cálculo'!$B$4:$B$203,$A$8,'🔢 Cálculo'!$AH$4:$AH$203),0)+IFERROR(AVERAGEIF('🔢 Cálculo'!$B$4:$B$203,$A$8,'🔢 Cálculo'!$AI$4:$AI$203),0)+IFERROR(AVERAGEIF('🔢 Cálculo'!$B$4:$B$203,$A$8,'🔢 Cálculo'!$AJ$4:$AJ$203),0)+IFERROR(AVERAGEIF('🔢 Cálculo'!$B$4:$B$203,$A$8,'🔢 Cálculo'!$AK$4:$AK$203),0)+IFERROR(AVERAGEIF('🔢 Cálculo'!$B$4:$B$203,$A$8,'🔢 Cálculo'!$AL$4:$AL$203),0)+IFERROR(AVERAGEIF('🔢 Cálculo'!$B$4:$B$203,$A$8,'🔢 Cálculo'!$AM$4:$AM$203),0)+IFERROR(AVERAGEIF('🔢 Cálculo'!$B$4:$B$203,$A$8,'🔢 Cálculo'!$AN$4:$AN$203),0))/9,"") -> 0 | E41: =IFERROR((IFERROR((5-AVERAGEIF('🔢 Cálculo'!$B$4:$B$203,$A$8,'🔢 Cálculo'!$AF$4:$AF$203))/4*100,0)+IFERROR((AVERAGEIF('🔢 Cálculo'!$B$4:$B$203,$A$8,'🔢 Cálculo'!$AG$4:$AG$203)-1)/4*100,0)+IFERROR((AVERAGEIF('🔢 Cálculo'!$B$4:$B$203,$A$8,'🔢 Cálculo'!$AH$4:$AH$203)-1)/4*100,0)+IFERROR((AVERAGEIF('🔢 Cálculo'!$B$4:$B$203,$A$8,'🔢 Cálculo'!$AI$4:$AI$203)-1)/4*100,0)+IFERROR((AVERAGEIF('🔢 Cálculo'!$B$4:$B$203,$A$8,'🔢 Cálculo'!$AJ$4:$AJ$203)-1)/4*100,0)+IFERROR((AVERAGEIF('🔢 Cálculo'!$B$4:$B$203,$A$8,'🔢 Cálculo'!$AK$4:$AK$203)-1)/4*100,0)+IFERROR((AVERAGEIF('🔢 Cálculo'!$B$4:$B$203,$A$8,'🔢 Cálculo'!$AL$4:$AL$203)-1)/4*100,0)+IFERROR((AVERAGEIF('🔢 Cálculo'!$B$4:$B$203,$A$8,'🔢 Cálculo'!$AM$4:$AM$203)-1)/4*100,0)+IFERROR((AVERAGEIF('🔢 Cálculo'!$B$4:$B$203,$A$8,'🔢 Cálculo'!$AN$4:$AN$203)-1)/4*100,0))/9,"") -> 0 | F41: =IFERROR(IF(E41="","",IF(E41<25,"Baixo",IF(E41<50,"Moderado",IF(E41<75,"Alto","Crítico")))),"N/A") -> Baixo | G41: =IF(F41="Crítico","🔴 AÇÃO IMEDIATA","") | H41: =IF(F41="Alto","🟠 PRIORITÁRIO","") | I41: =IF(F41="Moderado","⚠️ PLANEJAR","")
A42: =$A$8 -> 0 | B42: Comportamentos Ofensivos | C42: =COUNTIF('🔢 Cálculo'!$B$4:$B$203,$A$8) -> 200 | D42: =IFERROR((IFERROR(AVERAGEIF('🔢 Cálculo'!$B$4:$B$203,$A$8,'🔢 Cálculo'!$AO$4:$AO$203),0)+IFERROR(AVERAGEIF('🔢 Cálculo'!$B$4:$B$203,$A$8,'🔢 Cálculo'!$AP$4:$AP$203),0)+IFERROR(AVERAGEIF('🔢 Cálculo'!$B$4:$B$203,$A$8,'🔢 Cálculo'!$AQ$4:$AQ$203),0)+IFERROR(AVERAGEIF('🔢 Cálculo'!$B$4:$B$203,$A$8,'🔢 Cálculo'!$AR$4:$AR$203),0))/4,"") -> 0 | E42: =IFERROR((IFERROR((AVERAGEIF('🔢 Cálculo'!$B$4:$B$203,$A$8,'🔢 Cálculo'!$AO$4:$AO$203)-1)/4*100,0)+IFERROR((AVERAGEIF('🔢 Cálculo'!$B$4:$B$203,$A$8,'🔢 Cálculo'!$AP$4:$AP$203)-1)/4*100,0)+IFERROR((AVERAGEIF('🔢 Cálculo'!$B$4:$B$203,$A$8,'🔢 Cálculo'!$AQ$4:$AQ$203)-1)/4*100,0)+IFERROR((AVERAGEIF('🔢 Cálculo'!$B$4:$B$203,$A$8,'🔢 Cálculo'!$AR$4:$AR$203)-1)/4*100,0))/4,"") -> 0 | F42: =IFERROR(IF(E42="","",IF(E42<25,"Baixo",IF(E42<50,"Moderado",IF(E42<75,"Alto","Crítico")))),"N/A") -> Baixo | G42: =IF(F42="Crítico","🔴 AÇÃO IMEDIATA","") | H42: =IF(F42="Alto","🟠 PRIORITÁRIO","") | I42: =IF(F42="Moderado","⚠️ PLANEJAR","")
A43: =$A$9 -> 0 | B43: Exigência Laboral | C43: =COUNTIF('🔢 Cálculo'!$B$4:$B$203,$A$9) -> 200 | D43: =IFERROR((IFERROR(AVERAGEIF('🔢 Cálculo'!$B$4:$B$203,$A$9,'🔢 Cálculo'!$D$4:$D$203),0)+IFERROR(AVERAGEIF('🔢 Cálculo'!$B$4:$B$203,$A$9,'🔢 Cálculo'!$E$4:$E$203),0)+IFERROR(AVERAGEIF('🔢 Cálculo'!$B$4:$B$203,$A$9,'🔢 Cálculo'!$F$4:$F$203),0)+IFERROR(AVERAGEIF('🔢 Cálculo'!$B$4:$B$203,$A$9,'🔢 Cálculo'!$G$4:$G$203),0)+IFERROR(AVERAGEIF('🔢 Cálculo'!$B$4:$B$203,$A$9,'🔢 Cálculo'!$H$4:$H$203),0)+IFERROR(AVERAGEIF('🔢 Cálculo'!$B$4:$B$203,$A$9,'🔢 Cálculo'!$I$4:$I$203),0))/6,"") -> 0 | E43: =IFERROR((IFERROR((AVERAGEIF('🔢 Cálculo'!$B$4:$B$203,$A$9,'🔢 Cálculo'!$D$4:$D$203)-1)/4*100,0)+IFERROR((AVERAGEIF('🔢 Cálculo'!$B$4:$B$203,$A$9,'🔢 Cálculo'!$E$4:$E$203)-1)/4*100,0)+IFERROR((AVERAGEIF('🔢 Cálculo'!$B$4:$B$203,$A$9,'🔢 Cálculo'!$F$4:$F$203)-1)/4*100,0)+IFERROR((AVERAGEIF('🔢 Cálculo'!$B$4:$B$203,$A$9,'🔢 Cálculo'!$G$4:$G$203)-1)/4*100,0)+IFERROR((AVERAGEIF('🔢 Cálculo'!$B$4:$B$203,$A$9,'🔢 Cálculo'!$H$4:$H$203)-1)/4*100,0)+IFERROR((AVERAGEIF('🔢 Cálculo'!$B$4:$B$203,$A$9,'🔢 Cálculo'!$I$4:$I$203)-1)/4*100,0))/6,"") -> 0 | F43: =IFERROR(IF(E43="","",IF(E43<25,"Baixo",IF(E43<50,"Moderado",IF(E43<75,"Alto","Crítico")))),"N/A") -> Baixo | G43: =IF(F43="Crítico","🔴 AÇÃO IMEDIATA","") | H43: =IF(F43="Alto","🟠 PRIORITÁRIO","") | I43: =IF(F43="Moderado","⚠️ PLANEJAR","")
A44: =$A$9 -> 0 | B44: Organização do Trabalho | C44: =COUNTIF('🔢 Cálculo'!$B$4:$B$203,$A$9) -> 200 | D44: =IFERROR((IFERROR(AVERAGEIF('🔢 Cálculo'!$B$4:$B$203,$A$9,'🔢 Cálculo'!$J$4:$J$203),0)+IFERROR(AVERAGEIF('🔢 Cálculo'!$B$4:$B$203,$A$9,'🔢 Cálculo'!$K$4:$K$203),0)+IFERROR(AVERAGEIF('🔢 Cálculo'!$B$4:$B$203,$A$9,'🔢 Cálculo'!$L$4:$L$203),0)+IFERROR(AVERAGEIF('🔢 Cálculo'!$B$4:$B$203,$A$9,'🔢 Cálculo'!$M$4:$M$203),0)+IFERROR(AVERAGEIF('🔢 Cálculo'!$B$4:$B$203,$A$9,'🔢 Cálculo'!$N$4:$N$203),0)+IFERROR(AVERAGEIF('🔢 Cálculo'!$B$4:$B$203,$A$9,'🔢 Cálculo'!$O$4:$O$203),0))/6,"") -> 0 | E44: =IFERROR((IFERROR((5-AVERAGEIF('🔢 Cálculo'!$B$4:$B$203,$A$9,'🔢 Cálculo'!$J$4:$J$203))/4*100,0)+IFERROR((5-AVERAGEIF('🔢 Cálculo'!$B$4:$B$203,$A$9,'🔢 Cálculo'!$K$4:$K$203))/4*100,0)+IFERROR((5-AVERAGEIF('🔢 Cálculo'!$B$4:$B$203,$A$9,'🔢 Cálculo'!$L$4:$L$203))/4*100,0)+IFERROR((5-AVERAGEIF('🔢 Cálculo'!$B$4:$B$203,$A$9,'🔢 Cálculo'!$M$4:$M$203))/4*100,0)+IFERROR((5-AVERAGEIF('🔢 Cálculo'!$B$4:$B$203,$A$9,'🔢 Cálculo'!$N$4:$N$203))/4*100,0)+IFERROR((5-AVERAGEIF('🔢 Cálculo'!$B$4:$B$203,$A$9,'🔢 Cálculo'!$O$4:$O$203))/4*100,0))/6,"") -> 0 | F44: =IFERROR(IF(E44="","",IF(E44<25,"Baixo",IF(E44<50,"Moderado",IF(E44<75,"Alto","Crítico")))),"N/A") -> Baixo | G44: =IF(F44="Crítico","🔴 AÇÃO IMEDIATA","") | H44: =IF(F44="Alto","🟠 PRIORITÁRIO","") | I44: =IF(F44="Moderado","⚠️ PLANEJAR","")
A45: =$A$9 -> 0 | B45: Relações Sociais e Liderança | C45: =COUNTIF('🔢 Cálculo'!$B$4:$B$203,$A$9) -> 200 | D45: =IFERROR((IFERROR(AVERAGEIF('🔢 Cálculo'!$B$4:$B$203,$A$9,'🔢 Cálculo'!$P$4:$P$203),0)+IFERROR(AVERAGEIF('🔢 Cálculo'!$B$4:$B$203,$A$9,'🔢 Cálculo'!$Q$4:$Q$203),0)+IFERROR(AVERAGEIF('🔢 Cálculo'!$B$4:$B$203,$A$9,'🔢 Cálculo'!$R$4:$R$203),0)+IFERROR(AVERAGEIF('🔢 Cálculo'!$B$4:$B$203,$A$9,'🔢 Cálculo'!$S$4:$S$203),0)+IFERROR(AVERAGEIF('🔢 Cálculo'!$B$4:$B$203,$A$9,'🔢 Cálculo'!$T$4:$T$203),0)+IFERROR(AVERAGEIF('🔢 Cálculo'!$B$4:$B$203,$A$9,'🔢 Cálculo'!$U$4:$U$203),0))/6,"") -> 0 | E45: =IFERROR((IFERROR((5-AVERAGEIF('🔢 Cálculo'!$B$4:$B$203,$A$9,'🔢 Cálculo'!$P$4:$P$203))/4*100,0)+IFERROR((5-AVERAGEIF('🔢 Cálculo'!$B$4:$B$203,$A$9,'🔢 Cálculo'!$Q$4:$Q$203))/4*100,0)+IFERROR((5-AVERAGEIF('🔢 Cálculo'!$B$4:$B$203,$A$9,'🔢 Cálculo'!$R$4:$R$203))/4*100,0)+IFERROR((5-AVERAGEIF('🔢 Cálculo'!$B$4:$B$203,$A$9,'🔢 Cálculo'!$S$4:$S$203))/4*100,0)+IFERROR((5-AVERAGEIF('🔢 Cálculo'!$B$4:$B$203,$A$9,'🔢 Cálculo'!$T$4:$T$203))/4*100,0)+IFERROR((5-AVERAGEIF('🔢 Cálculo'!$B$4:$B$203,$A$9,'🔢 Cálculo'!$U$4:$U$203))/4*100,0))/6,"") -> 0 | F45: =IFERROR(IF(E45="","",IF(E45<25,"Baixo",IF(E45<50,"Moderado",IF(E45<75,"Alto","Crítico")))),"N/A") -> Baixo | G45: =IF(F45="Crítico","🔴 AÇÃO IMEDIATA","") | H45: =IF(F45="Alto","🟠 PRIORITÁRIO","") | I45: =IF(F45="Moderado","⚠️ PLANEJAR","")
A46: =$A$9 -> 0 | B46: Personalidade / Valores | C46: =COUNTIF('🔢 Cálculo'!$B$4:$B$203,$A$9) -> 200 | D46: =IFERROR((IFERROR(AVERAGEIF('🔢 Cálculo'!$B$4:$B$203,$A$9,'🔢 Cálculo'!$V$4:$V$203),0)+IFERROR(AVERAGEIF('🔢 Cálculo'!$B$4:$B$203,$A$9,'🔢 Cálculo'!$W$4:$W$203),0)+IFERROR(AVERAGEIF('🔢 Cálculo'!$B$4:$B$203,$A$9,'🔢 Cálculo'!$X$4:$X$203),0)+IFERROR(AVERAGEIF('🔢 Cálculo'!$B$4:$B$203,$A$9,'🔢 Cálculo'!$Y$4:$Y$203),0)+IFERROR(AVERAGEIF('🔢 Cálculo'!$B$4:$B$203,$A$9,'🔢 Cálculo'!$Z$4:$Z$203),0))/5,"") -> 0 | E46: =IFERROR((IFERROR((5-AVERAGEIF('🔢 Cálculo'!$B$4:$B$203,$A$9,'🔢 Cálculo'!$V$4:$V$203))/4*100,0)+IFERROR((5-AVERAGEIF('🔢 Cálculo'!$B$4:$B$203,$A$9,'🔢 Cálculo'!$W$4:$W$203))/4*100,0)+IFERROR((5-AVERAGEIF('🔢 Cálculo'!$B$4:$B$203,$A$9,'🔢 Cálculo'!$X$4:$X$203))/4*100,0)+IFERROR((5-AVERAGEIF('🔢 Cálculo'!$B$4:$B$203,$A$9,'🔢 Cálculo'!$Y$4:$Y$203))/4*100,0)+IFERROR((5-AVERAGEIF('🔢 Cálculo'!$B$4:$B$203,$A$9,'🔢 Cálculo'!$Z$4:$Z$203))/4*100,0))/5,"") -> 0 | F46: =IFERROR(IF(E46="","",IF(E46<25,"Baixo",IF(E46<50,"Moderado",IF(E46<75,"Alto","Crítico")))),"N/A") -> Baixo | G46: =IF(F46="Crítico","🔴 AÇÃO IMEDIATA","") | H46: =IF(F46="Alto","🟠 PRIORITÁRIO","") | I46: =IF(F46="Moderado","⚠️ PLANEJAR","")
A47: =$A$9 -> 0 | B47: Interface Indivíduo-Trabalho | C47: =COUNTIF('🔢 Cálculo'!$B$4:$B$203,$A$9) -> 200 | D47: =IFERROR((IFERROR(AVERAGEIF('🔢 Cálculo'!$B$4:$B$203,$A$9,'🔢 Cálculo'!$AA$4:$AA$203),0)+IFERROR(AVERAGEIF('🔢 Cálculo'!$B$4:$B$203,$A$9,'🔢 Cálculo'!$AB$4:$AB$203),0)+IFERROR(AVERAGEIF('🔢 Cálculo'!$B$4:$B$203,$A$9,'🔢 Cálculo'!$AC$4:$AC$203),0)+IFERROR(AVERAGEIF('🔢 Cálculo'!$B$4:$B$203,$A$9,'🔢 Cálculo'!$AD$4:$AD$203),0)+IFERROR(AVERAGEIF('🔢 Cálculo'!$B$4:$B$203,$A$9,'🔢 Cálculo'!$AE$4:$AE$203),0))/5,"") -> 0 | E47: =IFERROR((IFERROR((5-AVERAGEIF('🔢 Cálculo'!$B$4:$B$203,$A$9,'🔢 Cálculo'!$AA$4:$AA$203))/4*100,0)+IFERROR((5-AVERAGEIF('🔢 Cálculo'!$B$4:$B$203,$A$9,'🔢 Cálculo'!$AB$4:$AB$203))/4*100,0)+IFERROR((5-AVERAGEIF('🔢 Cálculo'!$B$4:$B$203,$A$9,'🔢 Cálculo'!$AC$4:$AC$203))/4*100,0)+IFERROR((5-AVERAGEIF('🔢 Cálculo'!$B$4:$B$203,$A$9,'🔢 Cálculo'!$AD$4:$AD$203))/4*100,0)+IFERROR((AVERAGEIF('🔢 Cálculo'!$B$4:$B$203,$A$9,'🔢 Cálculo'!$AE$4:$AE$203)-1)/4*100,0))/5,"") -> 0 | F47: =IFERROR(IF(E47="","",IF(E47<25,"Baixo",IF(E47<50,"Moderado",IF(E47<75,"Alto","Crítico")))),"N/A") -> Baixo | G47: =IF(F47="Crítico","🔴 AÇÃO IMEDIATA","") | H47: =IF(F47="Alto","🟠 PRIORITÁRIO","") | I47: =IF(F47="Moderado","⚠️ PLANEJAR","")
A48: =$A$9 -> 0 | B48: Saúde e Bem-Estar | C48: =COUNTIF('🔢 Cálculo'!$B$4:$B$203,$A$9) -> 200 | D48: =IFERROR((IFERROR(AVERAGEIF('🔢 Cálculo'!$B$4:$B$203,$A$9,'🔢 Cálculo'!$AF$4:$AF$203),0)+IFERROR(AVERAGEIF('🔢 Cálculo'!$B$4:$B$203,$A$9,'🔢 Cálculo'!$AG$4:$AG$203),0)+IFERROR(AVERAGEIF('🔢 Cálculo'!$B$4:$B$203,$A$9,'🔢 Cálculo'!$AH$4:$AH$203),0)+IFERROR(AVERAGEIF('🔢 Cálculo'!$B$4:$B$203,$A$9,'🔢 Cálculo'!$AI$4:$AI$203),0)+IFERROR(AVERAGEIF('🔢 Cálculo'!$B$4:$B$203,$A$9,'🔢 Cálculo'!$AJ$4:$AJ$203),0)+IFERROR(AVERAGEIF('🔢 Cálculo'!$B$4:$B$203,$A$9,'🔢 Cálculo'!$AK$4:$AK$203),0)+IFERROR(AVERAGEIF('🔢 Cálculo'!$B$4:$B$203,$A$9,'🔢 Cálculo'!$AL$4:$AL$203),0)+IFERROR(AVERAGEIF('🔢 Cálculo'!$B$4:$B$203,$A$9,'🔢 Cálculo'!$AM$4:$AM$203),0)+IFERROR(AVERAGEIF('🔢 Cálculo'!$B$4:$B$203,$A$9,'🔢 Cálculo'!$AN$4:$AN$203),0))/9,"") -> 0 | E48: =IFERROR((IFERROR((5-AVERAGEIF('🔢 Cálculo'!$B$4:$B$203,$A$9,'🔢 Cálculo'!$AF$4:$AF$203))/4*100,0)+IFERROR((AVERAGEIF('🔢 Cálculo'!$B$4:$B$203,$A$9,'🔢 Cálculo'!$AG$4:$AG$203)-1)/4*100,0)+IFERROR((AVERAGEIF('🔢 Cálculo'!$B$4:$B$203,$A$9,'🔢 Cálculo'!$AH$4:$AH$203)-1)/4*100,0)+IFERROR((AVERAGEIF('🔢 Cálculo'!$B$4:$B$203,$A$9,'🔢 Cálculo'!$AI$4:$AI$203)-1)/4*100,0)+IFERROR((AVERAGEIF('🔢 Cálculo'!$B$4:$B$203,$A$9,'🔢 Cálculo'!$AJ$4:$AJ$203)-1)/4*100,0)+IFERROR((AVERAGEIF('🔢 Cálculo'!$B$4:$B$203,$A$9,'🔢 Cálculo'!$AK$4:$AK$203)-1)/4*100,0)+IFERROR((AVERAGEIF('🔢 Cálculo'!$B$4:$B$203,$A$9,'🔢 Cálculo'!$AL$4:$AL$203)-1)/4*100,0)+IFERROR((AVERAGEIF('🔢 Cálculo'!$B$4:$B$203,$A$9,'🔢 Cálculo'!$AM$4:$AM$203)-1)/4*100,0)+IFERROR((AVERAGEIF('🔢 Cálculo'!$B$4:$B$203,$A$9,'🔢 Cálculo'!$AN$4:$AN$203)-1)/4*100,0))/9,"") -> 0 | F48: =IFERROR(IF(E48="","",IF(E48<25,"Baixo",IF(E48<50,"Moderado",IF(E48<75,"Alto","Crítico")))),"N/A") -> Baixo | G48: =IF(F48="Crítico","🔴 AÇÃO IMEDIATA","") | H48: =IF(F48="Alto","🟠 PRIORITÁRIO","") | I48: =IF(F48="Moderado","⚠️ PLANEJAR","")
A49: =$A$9 -> 0 | B49: Comportamentos Ofensivos | C49: =COUNTIF('🔢 Cálculo'!$B$4:$B$203,$A$9) -> 200 | D49: =IFERROR((IFERROR(AVERAGEIF('🔢 Cálculo'!$B$4:$B$203,$A$9,'🔢 Cálculo'!$AO$4:$AO$203),0)+IFERROR(AVERAGEIF('🔢 Cálculo'!$B$4:$B$203,$A$9,'🔢 Cálculo'!$AP$4:$AP$203),0)+IFERROR(AVERAGEIF('🔢 Cálculo'!$B$4:$B$203,$A$9,'🔢 Cálculo'!$AQ$4:$AQ$203),0)+IFERROR(AVERAGEIF('🔢 Cálculo'!$B$4:$B$203,$A$9,'🔢 Cálculo'!$AR$4:$AR$203),0))/4,"") -> 0 | E49: =IFERROR((IFERROR((AVERAGEIF('🔢 Cálculo'!$B$4:$B$203,$A$9,'🔢 Cálculo'!$AO$4:$AO$203)-1)/4*100,0)+IFERROR((AVERAGEIF('🔢 Cálculo'!$B$4:$B$203,$A$9,'🔢 Cálculo'!$AP$4:$AP$203)-1)/4*100,0)+IFERROR((AVERAGEIF('🔢 Cálculo'!$B$4:$B$203,$A$9,'🔢 Cálculo'!$AQ$4:$AQ$203)-1)/4*100,0)+IFERROR((AVERAGEIF('🔢 Cálculo'!$B$4:$B$203,$A$9,'🔢 Cálculo'!$AR$4:$AR$203)-1)/4*100,0))/4,"") -> 0 | F49: =IFERROR(IF(E49="","",IF(E49<25,"Baixo",IF(E49<50,"Moderado",IF(E49<75,"Alto","Crítico")))),"N/A") -> Baixo | G49: =IF(F49="Crítico","🔴 AÇÃO IMEDIATA","") | H49: =IF(F49="Alto","🟠 PRIORITÁRIO","") | I49: =IF(F49="Moderado","⚠️ PLANEJAR","")
A50: =$A$10 -> 0 | B50: Exigência Laboral | C50: =COUNTIF('🔢 Cálculo'!$B$4:$B$203,$A$10) -> 200 | D50: =IFERROR((IFERROR(AVERAGEIF('🔢 Cálculo'!$B$4:$B$203,$A$10,'🔢 Cálculo'!$D$4:$D$203),0)+IFERROR(AVERAGEIF('🔢 Cálculo'!$B$4:$B$203,$A$10,'🔢 Cálculo'!$E$4:$E$203),0)+IFERROR(AVERAGEIF('🔢 Cálculo'!$B$4:$B$203,$A$10,'🔢 Cálculo'!$F$4:$F$203),0)+IFERROR(AVERAGEIF('🔢 Cálculo'!$B$4:$B$203,$A$10,'🔢 Cálculo'!$G$4:$G$203),0)+IFERROR(AVERAGEIF('🔢 Cálculo'!$B$4:$B$203,$A$10,'🔢 Cálculo'!$H$4:$H$203),0)+IFERROR(AVERAGEIF('🔢 Cálculo'!$B$4:$B$203,$A$10,'🔢 Cálculo'!$I$4:$I$203),0))/6,"") -> 0 | E50: =IFERROR((IFERROR((AVERAGEIF('🔢 Cálculo'!$B$4:$B$203,$A$10,'🔢 Cálculo'!$D$4:$D$203)-1)/4*100,0)+IFERROR((AVERAGEIF('🔢 Cálculo'!$B$4:$B$203,$A$10,'🔢 Cálculo'!$E$4:$E$203)-1)/4*100,0)+IFERROR((AVERAGEIF('🔢 Cálculo'!$B$4:$B$203,$A$10,'🔢 Cálculo'!$F$4:$F$203)-1)/4*100,0)+IFERROR((AVERAGEIF('🔢 Cálculo'!$B$4:$B$203,$A$10,'🔢 Cálculo'!$G$4:$G$203)-1)/4*100,0)+IFERROR((AVERAGEIF('🔢 Cálculo'!$B$4:$B$203,$A$10,'🔢 Cálculo'!$H$4:$H$203)-1)/4*100,0)+IFERROR((AVERAGEIF('🔢 Cálculo'!$B$4:$B$203,$A$10,'🔢 Cálculo'!$I$4:$I$203)-1)/4*100,0))/6,"") -> 0 | F50: =IFERROR(IF(E50="","",IF(E50<25,"Baixo",IF(E50<50,"Moderado",IF(E50<75,"Alto","Crítico")))),"N/A") -> Baixo | G50: =IF(F50="Crítico","🔴 AÇÃO IMEDIATA","") | H50: =IF(F50="Alto","🟠 PRIORITÁRIO","") | I50: =IF(F50="Moderado","⚠️ PLANEJAR","")
A51: =$A$10 -> 0 | B51: Organização do Trabalho | C51: =COUNTIF('🔢 Cálculo'!$B$4:$B$203,$A$10) -> 200 | D51: =IFERROR((IFERROR(AVERAGEIF('🔢 Cálculo'!$B$4:$B$203,$A$10,'🔢 Cálculo'!$J$4:$J$203),0)+IFERROR(AVERAGEIF('🔢 Cálculo'!$B$4:$B$203,$A$10,'🔢 Cálculo'!$K$4:$K$203),0)+IFERROR(AVERAGEIF('🔢 Cálculo'!$B$4:$B$203,$A$10,'🔢 Cálculo'!$L$4:$L$203),0)+IFERROR(AVERAGEIF('🔢 Cálculo'!$B$4:$B$203,$A$10,'🔢 Cálculo'!$M$4:$M$203),0)+IFERROR(AVERAGEIF('🔢 Cálculo'!$B$4:$B$203,$A$10,'🔢 Cálculo'!$N$4:$N$203),0)+IFERROR(AVERAGEIF('🔢 Cálculo'!$B$4:$B$203,$A$10,'🔢 Cálculo'!$O$4:$O$203),0))/6,"") -> 0 | E51: =IFERROR((IFERROR((5-AVERAGEIF('🔢 Cálculo'!$B$4:$B$203,$A$10,'🔢 Cálculo'!$J$4:$J$203))/4*100,0)+IFERROR((5-AVERAGEIF('🔢 Cálculo'!$B$4:$B$203,$A$10,'🔢 Cálculo'!$K$4:$K$203))/4*100,0)+IFERROR((5-AVERAGEIF('🔢 Cálculo'!$B$4:$B$203,$A$10,'🔢 Cálculo'!$L$4:$L$203))/4*100,0)+IFERROR((5-AVERAGEIF('🔢 Cálculo'!$B$4:$B$203,$A$10,'🔢 Cálculo'!$M$4:$M$203))/4*100,0)+IFERROR((5-AVERAGEIF('🔢 Cálculo'!$B$4:$B$203,$A$10,'🔢 Cálculo'!$N$4:$N$203))/4*100,0)+IFERROR((5-AVERAGEIF('🔢 Cálculo'!$B$4:$B$203,$A$10,'🔢 Cálculo'!$O$4:$O$203))/4*100,0))/6,"") -> 0 | F51: =IFERROR(IF(E51="","",IF(E51<25,"Baixo",IF(E51<50,"Moderado",IF(E51<75,"Alto","Crítico")))),"N/A") -> Baixo | G51: =IF(F51="Crítico","🔴 AÇÃO IMEDIATA","") | H51: =IF(F51="Alto","🟠 PRIORITÁRIO","") | I51: =IF(F51="Moderado","⚠️ PLANEJAR","")
A52: =$A$10 -> 0 | B52: Relações Sociais e Liderança | C52: =COUNTIF('🔢 Cálculo'!$B$4:$B$203,$A$10) -> 200 | D52: =IFERROR((IFERROR(AVERAGEIF('🔢 Cálculo'!$B$4:$B$203,$A$10,'🔢 Cálculo'!$P$4:$P$203),0)+IFERROR(AVERAGEIF('🔢 Cálculo'!$B$4:$B$203,$A$10,'🔢 Cálculo'!$Q$4:$Q$203),0)+IFERROR(AVERAGEIF('🔢 Cálculo'!$B$4:$B$203,$A$10,'🔢 Cálculo'!$R$4:$R$203),0)+IFERROR(AVERAGEIF('🔢 Cálculo'!$B$4:$B$203,$A$10,'🔢 Cálculo'!$S$4:$S$203),0)+IFERROR(AVERAGEIF('🔢 Cálculo'!$B$4:$B$203,$A$10,'🔢 Cálculo'!$T$4:$T$203),0)+IFERROR(AVERAGEIF('🔢 Cálculo'!$B$4:$B$203,$A$10,'🔢 Cálculo'!$U$4:$U$203),0))/6,"") -> 0 | E52: =IFERROR((IFERROR((5-AVERAGEIF('🔢 Cálculo'!$B$4:$B$203,$A$10,'🔢 Cálculo'!$P$4:$P$203))/4*100,0)+IFERROR((5-AVERAGEIF('🔢 Cálculo'!$B$4:$B$203,$A$10,'🔢 Cálculo'!$Q$4:$Q$203))/4*100,0)+IFERROR((5-AVERAGEIF('🔢 Cálculo'!$B$4:$B$203,$A$10,'🔢 Cálculo'!$R$4:$R$203))/4*100,0)+IFERROR((5-AVERAGEIF('🔢 Cálculo'!$B$4:$B$203,$A$10,'🔢 Cálculo'!$S$4:$S$203))/4*100,0)+IFERROR((5-AVERAGEIF('🔢 Cálculo'!$B$4:$B$203,$A$10,'🔢 Cálculo'!$T$4:$T$203))/4*100,0)+IFERROR((5-AVERAGEIF('🔢 Cálculo'!$B$4:$B$203,$A$10,'🔢 Cálculo'!$U$4:$U$203))/4*100,0))/6,"") -> 0 | F52: =IFERROR(IF(E52="","",IF(E52<25,"Baixo",IF(E52<50,"Moderado",IF(E52<75,"Alto","Crítico")))),"N/A") -> Baixo | G52: =IF(F52="Crítico","🔴 AÇÃO IMEDIATA","") | H52: =IF(F52="Alto","🟠 PRIORITÁRIO","") | I52: =IF(F52="Moderado","⚠️ PLANEJAR","")
A53: =$A$10 -> 0 | B53: Personalidade / Valores | C53: =COUNTIF('🔢 Cálculo'!$B$4:$B$203,$A$10) -> 200 | D53: =IFERROR((IFERROR(AVERAGEIF('🔢 Cálculo'!$B$4:$B$203,$A$10,'🔢 Cálculo'!$V$4:$V$203),0)+IFERROR(AVERAGEIF('🔢 Cálculo'!$B$4:$B$203,$A$10,'🔢 Cálculo'!$W$4:$W$203),0)+IFERROR(AVERAGEIF('🔢 Cálculo'!$B$4:$B$203,$A$10,'🔢 Cálculo'!$X$4:$X$203),0)+IFERROR(AVERAGEIF('🔢 Cálculo'!$B$4:$B$203,$A$10,'🔢 Cálculo'!$Y$4:$Y$203),0)+IFERROR(AVERAGEIF('🔢 Cálculo'!$B$4:$B$203,$A$10,'🔢 Cálculo'!$Z$4:$Z$203),0))/5,"") -> 0 | E53: =IFERROR((IFERROR((5-AVERAGEIF('🔢 Cálculo'!$B$4:$B$203,$A$10,'🔢 Cálculo'!$V$4:$V$203))/4*100,0)+IFERROR((5-AVERAGEIF('🔢 Cálculo'!$B$4:$B$203,$A$10,'🔢 Cálculo'!$W$4:$W$203))/4*100,0)+IFERROR((5-AVERAGEIF('🔢 Cálculo'!$B$4:$B$203,$A$10,'🔢 Cálculo'!$X$4:$X$203))/4*100,0)+IFERROR((5-AVERAGEIF('🔢 Cálculo'!$B$4:$B$203,$A$10,'🔢 Cálculo'!$Y$4:$Y$203))/4*100,0)+IFERROR((5-AVERAGEIF('🔢 Cálculo'!$B$4:$B$203,$A$10,'🔢 Cálculo'!$Z$4:$Z$203))/4*100,0))/5,"") -> 0 | F53: =IFERROR(IF(E53="","",IF(E53<25,"Baixo",IF(E53<50,"Moderado",IF(E53<75,"Alto","Crítico")))),"N/A") -> Baixo | G53: =IF(F53="Crítico","🔴 AÇÃO IMEDIATA","") | H53: =IF(F53="Alto","🟠 PRIORITÁRIO","") | I53: =IF(F53="Moderado","⚠️ PLANEJAR","")
A54: =$A$10 -> 0 | B54: Interface Indivíduo-Trabalho | C54: =COUNTIF('🔢 Cálculo'!$B$4:$B$203,$A$10) -> 200 | D54: =IFERROR((IFERROR(AVERAGEIF('🔢 Cálculo'!$B$4:$B$203,$A$10,'🔢 Cálculo'!$AA$4:$AA$203),0)+IFERROR(AVERAGEIF('🔢 Cálculo'!$B$4:$B$203,$A$10,'🔢 Cálculo'!$AB$4:$AB$203),0)+IFERROR(AVERAGEIF('🔢 Cálculo'!$B$4:$B$203,$A$10,'🔢 Cálculo'!$AC$4:$AC$203),0)+IFERROR(AVERAGEIF('🔢 Cálculo'!$B$4:$B$203,$A$10,'🔢 Cálculo'!$AD$4:$AD$203),0)+IFERROR(AVERAGEIF('🔢 Cálculo'!$B$4:$B$203,$A$10,'🔢 Cálculo'!$AE$4:$AE$203),0))/5,"") -> 0 | E54: =IFERROR((IFERROR((5-AVERAGEIF('🔢 Cálculo'!$B$4:$B$203,$A$10,'🔢 Cálculo'!$AA$4:$AA$203))/4*100,0)+IFERROR((5-AVERAGEIF('🔢 Cálculo'!$B$4:$B$203,$A$10,'🔢 Cálculo'!$AB$4:$AB$203))/4*100,0)+IFERROR((5-AVERAGEIF('🔢 Cálculo'!$B$4:$B$203,$A$10,'🔢 Cálculo'!$AC$4:$AC$203))/4*100,0)+IFERROR((5-AVERAGEIF('🔢 Cálculo'!$B$4:$B$203,$A$10,'🔢 Cálculo'!$AD$4:$AD$203))/4*100,0)+IFERROR((AVERAGEIF('🔢 Cálculo'!$B$4:$B$203,$A$10,'🔢 Cálculo'!$AE$4:$AE$203)-1)/4*100,0))/5,"") -> 0 | F54: =IFERROR(IF(E54="","",IF(E54<25,"Baixo",IF(E54<50,"Moderado",IF(E54<75,"Alto","Crítico")))),"N/A") -> Baixo | G54: =IF(F54="Crítico","🔴 AÇÃO IMEDIATA","") | H54: =IF(F54="Alto","🟠 PRIORITÁRIO","") | I54: =IF(F54="Moderado","⚠️ PLANEJAR","")
A55: =$A$10 -> 0 | B55: Saúde e Bem-Estar | C55: =COUNTIF('🔢 Cálculo'!$B$4:$B$203,$A$10) -> 200 | D55: =IFERROR((IFERROR(AVERAGEIF('🔢 Cálculo'!$B$4:$B$203,$A$10,'🔢 Cálculo'!$AF$4:$AF$203),0)+IFERROR(AVERAGEIF('🔢 Cálculo'!$B$4:$B$203,$A$10,'🔢 Cálculo'!$AG$4:$AG$203),0)+IFERROR(AVERAGEIF('🔢 Cálculo'!$B$4:$B$203,$A$10,'🔢 Cálculo'!$AH$4:$AH$203),0)+IFERROR(AVERAGEIF('🔢 Cálculo'!$B$4:$B$203,$A$10,'🔢 Cálculo'!$AI$4:$AI$203),0)+IFERROR(AVERAGEIF('🔢 Cálculo'!$B$4:$B$203,$A$10,'🔢 Cálculo'!$AJ$4:$AJ$203),0)+IFERROR(AVERAGEIF('🔢 Cálculo'!$B$4:$B$203,$A$10,'🔢 Cálculo'!$AK$4:$AK$203),0)+IFERROR(AVERAGEIF('🔢 Cálculo'!$B$4:$B$203,$A$10,'🔢 Cálculo'!$AL$4:$AL$203),0)+IFERROR(AVERAGEIF('🔢 Cálculo'!$B$4:$B$203,$A$10,'🔢 Cálculo'!$AM$4:$AM$203),0)+IFERROR(AVERAGEIF('🔢 Cálculo'!$B$4:$B$203,$A$10,'🔢 Cálculo'!$AN$4:$AN$203),0))/9,"") -> 0 | E55: =IFERROR((IFERROR((5-AVERAGEIF('🔢 Cálculo'!$B$4:$B$203,$A$10,'🔢 Cálculo'!$AF$4:$AF$203))/4*100,0)+IFERROR((AVERAGEIF('🔢 Cálculo'!$B$4:$B$203,$A$10,'🔢 Cálculo'!$AG$4:$AG$203)-1)/4*100,0)+IFERROR((AVERAGEIF('🔢 Cálculo'!$B$4:$B$203,$A$10,'🔢 Cálculo'!$AH$4:$AH$203)-1)/4*100,0)+IFERROR((AVERAGEIF('🔢 Cálculo'!$B$4:$B$203,$A$10,'🔢 Cálculo'!$AI$4:$AI$203)-1)/4*100,0)+IFERROR((AVERAGEIF('🔢 Cálculo'!$B$4:$B$203,$A$10,'🔢 Cálculo'!$AJ$4:$AJ$203)-1)/4*100,0)+IFERROR((AVERAGEIF('🔢 Cálculo'!$B$4:$B$203,$A$10,'🔢 Cálculo'!$AK$4:$AK$203)-1)/4*100,0)+IFERROR((AVERAGEIF('🔢 Cálculo'!$B$4:$B$203,$A$10,'🔢 Cálculo'!$AL$4:$AL$203)-1)/4*100,0)+IFERROR((AVERAGEIF('🔢 Cálculo'!$B$4:$B$203,$A$10,'🔢 Cálculo'!$AM$4:$AM$203)-1)/4*100,0)+IFERROR((AVERAGEIF('🔢 Cálculo'!$B$4:$B$203,$A$10,'🔢 Cálculo'!$AN$4:$AN$203)-1)/4*100,0))/9,"") -> 0 | F55: =IFERROR(IF(E55="","",IF(E55<25,"Baixo",IF(E55<50,"Moderado",IF(E55<75,"Alto","Crítico")))),"N/A") -> Baixo | G55: =IF(F55="Crítico","🔴 AÇÃO IMEDIATA","") | H55: =IF(F55="Alto","🟠 PRIORITÁRIO","") | I55: =IF(F55="Moderado","⚠️ PLANEJAR","")
A56: =$A$10 -> 0 | B56: Comportamentos Ofensivos | C56: =COUNTIF('🔢 Cálculo'!$B$4:$B$203,$A$10) -> 200 | D56: =IFERROR((IFERROR(AVERAGEIF('🔢 Cálculo'!$B$4:$B$203,$A$10,'🔢 Cálculo'!$AO$4:$AO$203),0)+IFERROR(AVERAGEIF('🔢 Cálculo'!$B$4:$B$203,$A$10,'🔢 Cálculo'!$AP$4:$AP$203),0)+IFERROR(AVERAGEIF('🔢 Cálculo'!$B$4:$B$203,$A$10,'🔢 Cálculo'!$AQ$4:$AQ$203),0)+IFERROR(AVERAGEIF('🔢 Cálculo'!$B$4:$B$203,$A$10,'🔢 Cálculo'!$AR$4:$AR$203),0))/4,"") -> 0 | E56: =IFERROR((IFERROR((AVERAGEIF('🔢 Cálculo'!$B$4:$B$203,$A$10,'🔢 Cálculo'!$AO$4:$AO$203)-1)/4*100,0)+IFERROR((AVERAGEIF('🔢 Cálculo'!$B$4:$B$203,$A$10,'🔢 Cálculo'!$AP$4:$AP$203)-1)/4*100,0)+IFERROR((AVERAGEIF('🔢 Cálculo'!$B$4:$B$203,$A$10,'🔢 Cálculo'!$AQ$4:$AQ$203)-1)/4*100,0)+IFERROR((AVERAGEIF('🔢 Cálculo'!$B$4:$B$203,$A$10,'🔢 Cálculo'!$AR$4:$AR$203)-1)/4*100,0))/4,"") -> 0 | F56: =IFERROR(IF(E56="","",IF(E56<25,"Baixo",IF(E56<50,"Moderado",IF(E56<75,"Alto","Crítico")))),"N/A") -> Baixo | G56: =IF(F56="Crítico","🔴 AÇÃO IMEDIATA","") | H56: =IF(F56="Alto","🟠 PRIORITÁRIO","") | I56: =IF(F56="Moderado","⚠️ PLANEJAR","")
A57: =$A$11 -> 0 | B57: Exigência Laboral | C57: =COUNTIF('🔢 Cálculo'!$B$4:$B$203,$A$11) -> 200 | D57: =IFERROR((IFERROR(AVERAGEIF('🔢 Cálculo'!$B$4:$B$203,$A$11,'🔢 Cálculo'!$D$4:$D$203),0)+IFERROR(AVERAGEIF('🔢 Cálculo'!$B$4:$B$203,$A$11,'🔢 Cálculo'!$E$4:$E$203),0)+IFERROR(AVERAGEIF('🔢 Cálculo'!$B$4:$B$203,$A$11,'🔢 Cálculo'!$F$4:$F$203),0)+IFERROR(AVERAGEIF('🔢 Cálculo'!$B$4:$B$203,$A$11,'🔢 Cálculo'!$G$4:$G$203),0)+IFERROR(AVERAGEIF('🔢 Cálculo'!$B$4:$B$203,$A$11,'🔢 Cálculo'!$H$4:$H$203),0)+IFERROR(AVERAGEIF('🔢 Cálculo'!$B$4:$B$203,$A$11,'🔢 Cálculo'!$I$4:$I$203),0))/6,"") -> 0 | E57: =IFERROR((IFERROR((AVERAGEIF('🔢 Cálculo'!$B$4:$B$203,$A$11,'🔢 Cálculo'!$D$4:$D$203)-1)/4*100,0)+IFERROR((AVERAGEIF('🔢 Cálculo'!$B$4:$B$203,$A$11,'🔢 Cálculo'!$E$4:$E$203)-1)/4*100,0)+IFERROR((AVERAGEIF('🔢 Cálculo'!$B$4:$B$203,$A$11,'🔢 Cálculo'!$F$4:$F$203)-1)/4*100,0)+IFERROR((AVERAGEIF('🔢 Cálculo'!$B$4:$B$203,$A$11,'🔢 Cálculo'!$G$4:$G$203)-1)/4*100,0)+IFERROR((AVERAGEIF('🔢 Cálculo'!$B$4:$B$203,$A$11,'🔢 Cálculo'!$H$4:$H$203)-1)/4*100,0)+IFERROR((AVERAGEIF('🔢 Cálculo'!$B$4:$B$203,$A$11,'🔢 Cálculo'!$I$4:$I$203)-1)/4*100,0))/6,"") -> 0 | F57: =IFERROR(IF(E57="","",IF(E57<25,"Baixo",IF(E57<50,"Moderado",IF(E57<75,"Alto","Crítico")))),"N/A") -> Baixo | G57: =IF(F57="Crítico","🔴 AÇÃO IMEDIATA","") | H57: =IF(F57="Alto","🟠 PRIORITÁRIO","") | I57: =IF(F57="Moderado","⚠️ PLANEJAR","")
A58: =$A$11 -> 0 | B58: Organização do Trabalho | C58: =COUNTIF('🔢 Cálculo'!$B$4:$B$203,$A$11) -> 200 | D58: =IFERROR((IFERROR(AVERAGEIF('🔢 Cálculo'!$B$4:$B$203,$A$11,'🔢 Cálculo'!$J$4:$J$203),0)+IFERROR(AVERAGEIF('🔢 Cálculo'!$B$4:$B$203,$A$11,'🔢 Cálculo'!$K$4:$K$203),0)+IFERROR(AVERAGEIF('🔢 Cálculo'!$B$4:$B$203,$A$11,'🔢 Cálculo'!$L$4:$L$203),0)+IFERROR(AVERAGEIF('🔢 Cálculo'!$B$4:$B$203,$A$11,'🔢 Cálculo'!$M$4:$M$203),0)+IFERROR(AVERAGEIF('🔢 Cálculo'!$B$4:$B$203,$A$11,'🔢 Cálculo'!$N$4:$N$203),0)+IFERROR(AVERAGEIF('🔢 Cálculo'!$B$4:$B$203,$A$11,'🔢 Cálculo'!$O$4:$O$203),0))/6,"") -> 0 | E58: =IFERROR((IFERROR((5-AVERAGEIF('🔢 Cálculo'!$B$4:$B$203,$A$11,'🔢 Cálculo'!$J$4:$J$203))/4*100,0)+IFERROR((5-AVERAGEIF('🔢 Cálculo'!$B$4:$B$203,$A$11,'🔢 Cálculo'!$K$4:$K$203))/4*100,0)+IFERROR((5-AVERAGEIF('🔢 Cálculo'!$B$4:$B$203,$A$11,'🔢 Cálculo'!$L$4:$L$203))/4*100,0)+IFERROR((5-AVERAGEIF('🔢 Cálculo'!$B$4:$B$203,$A$11,'🔢 Cálculo'!$M$4:$M$203))/4*100,0)+IFERROR((5-AVERAGEIF('🔢 Cálculo'!$B$4:$B$203,$A$11,'🔢 Cálculo'!$N$4:$N$203))/4*100,0)+IFERROR((5-AVERAGEIF('🔢 Cálculo'!$B$4:$B$203,$A$11,'🔢 Cálculo'!$O$4:$O$203))/4*100,0))/6,"") -> 0 | F58: =IFERROR(IF(E58="","",IF(E58<25,"Baixo",IF(E58<50,"Moderado",IF(E58<75,"Alto","Crítico")))),"N/A") -> Baixo | G58: =IF(F58="Crítico","🔴 AÇÃO IMEDIATA","") | H58: =IF(F58="Alto","🟠 PRIORITÁRIO","") | I58: =IF(F58="Moderado","⚠️ PLANEJAR","")
A59: =$A$11 -> 0 | B59: Relações Sociais e Liderança | C59: =COUNTIF('🔢 Cálculo'!$B$4:$B$203,$A$11) -> 200 | D59: =IFERROR((IFERROR(AVERAGEIF('🔢 Cálculo'!$B$4:$B$203,$A$11,'🔢 Cálculo'!$P$4:$P$203),0)+IFERROR(AVERAGEIF('🔢 Cálculo'!$B$4:$B$203,$A$11,'🔢 Cálculo'!$Q$4:$Q$203),0)+IFERROR(AVERAGEIF('🔢 Cálculo'!$B$4:$B$203,$A$11,'🔢 Cálculo'!$R$4:$R$203),0)+IFERROR(AVERAGEIF('🔢 Cálculo'!$B$4:$B$203,$A$11,'🔢 Cálculo'!$S$4:$S$203),0)+IFERROR(AVERAGEIF('🔢 Cálculo'!$B$4:$B$203,$A$11,'🔢 Cálculo'!$T$4:$T$203),0)+IFERROR(AVERAGEIF('🔢 Cálculo'!$B$4:$B$203,$A$11,'🔢 Cálculo'!$U$4:$U$203),0))/6,"") -> 0 | E59: =IFERROR((IFERROR((5-AVERAGEIF('🔢 Cálculo'!$B$4:$B$203,$A$11,'🔢 Cálculo'!$P$4:$P$203))/4*100,0)+IFERROR((5-AVERAGEIF('🔢 Cálculo'!$B$4:$B$203,$A$11,'🔢 Cálculo'!$Q$4:$Q$203))/4*100,0)+IFERROR((5-AVERAGEIF('🔢 Cálculo'!$B$4:$B$203,$A$11,'🔢 Cálculo'!$R$4:$R$203))/4*100,0)+IFERROR((5-AVERAGEIF('🔢 Cálculo'!$B$4:$B$203,$A$11,'🔢 Cálculo'!$S$4:$S$203))/4*100,0)+IFERROR((5-AVERAGEIF('🔢 Cálculo'!$B$4:$B$203,$A$11,'🔢 Cálculo'!$T$4:$T$203))/4*100,0)+IFERROR((5-AVERAGEIF('🔢 Cálculo'!$B$4:$B$203,$A$11,'🔢 Cálculo'!$U$4:$U$203))/4*100,0))/6,"") -> 0 | F59: =IFERROR(IF(E59="","",IF(E59<25,"Baixo",IF(E59<50,"Moderado",IF(E59<75,"Alto","Crítico")))),"N/A") -> Baixo | G59: =IF(F59="Crítico","🔴 AÇÃO IMEDIATA","") | H59: =IF(F59="Alto","🟠 PRIORITÁRIO","") | I59: =IF(F59="Moderado","⚠️ PLANEJAR","")
A60: =$A$11 -> 0 | B60: Personalidade / Valores | C60: =COUNTIF('🔢 Cálculo'!$B$4:$B$203,$A$11) -> 200 | D60: =IFERROR((IFERROR(AVERAGEIF('🔢 Cálculo'!$B$4:$B$203,$A$11,'🔢 Cálculo'!$V$4:$V$203),0)+IFERROR(AVERAGEIF('🔢 Cálculo'!$B$4:$B$203,$A$11,'🔢 Cálculo'!$W$4:$W$203),0)+IFERROR(AVERAGEIF('🔢 Cálculo'!$B$4:$B$203,$A$11,'🔢 Cálculo'!$X$4:$X$203),0)+IFERROR(AVERAGEIF('🔢 Cálculo'!$B$4:$B$203,$A$11,'🔢 Cálculo'!$Y$4:$Y$203),0)+IFERROR(AVERAGEIF('🔢 Cálculo'!$B$4:$B$203,$A$11,'🔢 Cálculo'!$Z$4:$Z$203),0))/5,"") -> 0 | E60: =IFERROR((IFERROR((5-AVERAGEIF('🔢 Cálculo'!$B$4:$B$203,$A$11,'🔢 Cálculo'!$V$4:$V$203))/4*100,0)+IFERROR((5-AVERAGEIF('🔢 Cálculo'!$B$4:$B$203,$A$11,'🔢 Cálculo'!$W$4:$W$203))/4*100,0)+IFERROR((5-AVERAGEIF('🔢 Cálculo'!$B$4:$B$203,$A$11,'🔢 Cálculo'!$X$4:$X$203))/4*100,0)+IFERROR((5-AVERAGEIF('🔢 Cálculo'!$B$4:$B$203,$A$11,'🔢 Cálculo'!$Y$4:$Y$203))/4*100,0)+IFERROR((5-AVERAGEIF('🔢 Cálculo'!$B$4:$B$203,$A$11,'🔢 Cálculo'!$Z$4:$Z$203))/4*100,0))/5,"") -> 0 | F60: =IFERROR(IF(E60="","",IF(E60<25,"Baixo",IF(E60<50,"Moderado",IF(E60<75,"Alto","Crítico")))),"N/A") -> Baixo | G60: =IF(F60="Crítico","🔴 AÇÃO IMEDIATA","") | H60: =IF(F60="Alto","🟠 PRIORITÁRIO","") | I60: =IF(F60="Moderado","⚠️ PLANEJAR","")
A61: =$A$11 -> 0 | B61: Interface Indivíduo-Trabalho | C61: =COUNTIF('🔢 Cálculo'!$B$4:$B$203,$A$11) -> 200 | D61: =IFERROR((IFERROR(AVERAGEIF('🔢 Cálculo'!$B$4:$B$203,$A$11,'🔢 Cálculo'!$AA$4:$AA$203),0)+IFERROR(AVERAGEIF('🔢 Cálculo'!$B$4:$B$203,$A$11,'🔢 Cálculo'!$AB$4:$AB$203),0)+IFERROR(AVERAGEIF('🔢 Cálculo'!$B$4:$B$203,$A$11,'🔢 Cálculo'!$AC$4:$AC$203),0)+IFERROR(AVERAGEIF('🔢 Cálculo'!$B$4:$B$203,$A$11,'🔢 Cálculo'!$AD$4:$AD$203),0)+IFERROR(AVERAGEIF('🔢 Cálculo'!$B$4:$B$203,$A$11,'🔢 Cálculo'!$AE$4:$AE$203),0))/5,"") -> 0 | E61: =IFERROR((IFERROR((5-AVERAGEIF('🔢 Cálculo'!$B$4:$B$203,$A$11,'🔢 Cálculo'!$AA$4:$AA$203))/4*100,0)+IFERROR((5-AVERAGEIF('🔢 Cálculo'!$B$4:$B$203,$A$11,'🔢 Cálculo'!$AB$4:$AB$203))/4*100,0)+IFERROR((5-AVERAGEIF('🔢 Cálculo'!$B$4:$B$203,$A$11,'🔢 Cálculo'!$AC$4:$AC$203))/4*100,0)+IFERROR((5-AVERAGEIF('🔢 Cálculo'!$B$4:$B$203,$A$11,'🔢 Cálculo'!$AD$4:$AD$203))/4*100,0)+IFERROR((AVERAGEIF('🔢 Cálculo'!$B$4:$B$203,$A$11,'🔢 Cálculo'!$AE$4:$AE$203)-1)/4*100,0))/5,"") -> 0 | F61: =IFERROR(IF(E61="","",IF(E61<25,"Baixo",IF(E61<50,"Moderado",IF(E61<75,"Alto","Crítico")))),"N/A") -> Baixo | G61: =IF(F61="Crítico","🔴 AÇÃO IMEDIATA","") | H61: =IF(F61="Alto","🟠 PRIORITÁRIO","") | I61: =IF(F61="Moderado","⚠️ PLANEJAR","")
A62: =$A$11 -> 0 | B62: Saúde e Bem-Estar | C62: =COUNTIF('🔢 Cálculo'!$B$4:$B$203,$A$11) -> 200 | D62: =IFERROR((IFERROR(AVERAGEIF('🔢 Cálculo'!$B$4:$B$203,$A$11,'🔢 Cálculo'!$AF$4:$AF$203),0)+IFERROR(AVERAGEIF('🔢 Cálculo'!$B$4:$B$203,$A$11,'🔢 Cálculo'!$AG$4:$AG$203),0)+IFERROR(AVERAGEIF('🔢 Cálculo'!$B$4:$B$203,$A$11,'🔢 Cálculo'!$AH$4:$AH$203),0)+IFERROR(AVERAGEIF('🔢 Cálculo'!$B$4:$B$203,$A$11,'🔢 Cálculo'!$AI$4:$AI$203),0)+IFERROR(AVERAGEIF('🔢 Cálculo'!$B$4:$B$203,$A$11,'🔢 Cálculo'!$AJ$4:$AJ$203),0)+IFERROR(AVERAGEIF('🔢 Cálculo'!$B$4:$B$203,$A$11,'🔢 Cálculo'!$AK$4:$AK$203),0)+IFERROR(AVERAGEIF('🔢 Cálculo'!$B$4:$B$203,$A$11,'🔢 Cálculo'!$AL$4:$AL$203),0)+IFERROR(AVERAGEIF('🔢 Cálculo'!$B$4:$B$203,$A$11,'🔢 Cálculo'!$AM$4:$AM$203),0)+IFERROR(AVERAGEIF('🔢 Cálculo'!$B$4:$B$203,$A$11,'🔢 Cálculo'!$AN$4:$AN$203),0))/9,"") -> 0 | E62: =IFERROR((IFERROR((5-AVERAGEIF('🔢 Cálculo'!$B$4:$B$203,$A$11,'🔢 Cálculo'!$AF$4:$AF$203))/4*100,0)+IFERROR((AVERAGEIF('🔢 Cálculo'!$B$4:$B$203,$A$11,'🔢 Cálculo'!$AG$4:$AG$203)-1)/4*100,0)+IFERROR((AVERAGEIF('🔢 Cálculo'!$B$4:$B$203,$A$11,'🔢 Cálculo'!$AH$4:$AH$203)-1)/4*100,0)+IFERROR((AVERAGEIF('🔢 Cálculo'!$B$4:$B$203,$A$11,'🔢 Cálculo'!$AI$4:$AI$203)-1)/4*100,0)+IFERROR((AVERAGEIF('🔢 Cálculo'!$B$4:$B$203,$A$11,'🔢 Cálculo'!$AJ$4:$AJ$203)-1)/4*100,0)+IFERROR((AVERAGEIF('🔢 Cálculo'!$B$4:$B$203,$A$11,'🔢 Cálculo'!$AK$4:$AK$203)-1)/4*100,0)+IFERROR((AVERAGEIF('🔢 Cálculo'!$B$4:$B$203,$A$11,'🔢 Cálculo'!$AL$4:$AL$203)-1)/4*100,0)+IFERROR((AVERAGEIF('🔢 Cálculo'!$B$4:$B$203,$A$11,'🔢 Cálculo'!$AM$4:$AM$203)-1)/4*100,0)+IFERROR((AVERAGEIF('🔢 Cálculo'!$B$4:$B$203,$A$11,'🔢 Cálculo'!$AN$4:$AN$203)-1)/4*100,0))/9,"") -> 0 | F62: =IFERROR(IF(E62="","",IF(E62<25,"Baixo",IF(E62<50,"Moderado",IF(E62<75,"Alto","Crítico")))),"N/A") -> Baixo | G62: =IF(F62="Crítico","🔴 AÇÃO IMEDIATA","") | H62: =IF(F62="Alto","🟠 PRIORITÁRIO","") | I62: =IF(F62="Moderado","⚠️ PLANEJAR","")
A63: =$A$11 -> 0 | B63: Comportamentos Ofensivos | C63: =COUNTIF('🔢 Cálculo'!$B$4:$B$203,$A$11) -> 200 | D63: =IFERROR((IFERROR(AVERAGEIF('🔢 Cálculo'!$B$4:$B$203,$A$11,'🔢 Cálculo'!$AO$4:$AO$203),0)+IFERROR(AVERAGEIF('🔢 Cálculo'!$B$4:$B$203,$A$11,'🔢 Cálculo'!$AP$4:$AP$203),0)+IFERROR(AVERAGEIF('🔢 Cálculo'!$B$4:$B$203,$A$11,'🔢 Cálculo'!$AQ$4:$AQ$203),0)+IFERROR(AVERAGEIF('🔢 Cálculo'!$B$4:$B$203,$A$11,'🔢 Cálculo'!$AR$4:$AR$203),0))/4,"") -> 0 | E63: =IFERROR((IFERROR((AVERAGEIF('🔢 Cálculo'!$B$4:$B$203,$A$11,'🔢 Cálculo'!$AO$4:$AO$203)-1)/4*100,0)+IFERROR((AVERAGEIF('🔢 Cálculo'!$B$4:$B$203,$A$11,'🔢 Cálculo'!$AP$4:$AP$203)-1)/4*100,0)+IFERROR((AVERAGEIF('🔢 Cálculo'!$B$4:$B$203,$A$11,'🔢 Cálculo'!$AQ$4:$AQ$203)-1)/4*100,0)+IFERROR((AVERAGEIF('🔢 Cálculo'!$B$4:$B$203,$A$11,'🔢 Cálculo'!$AR$4:$AR$203)-1)/4*100,0))/4,"") -> 0 | F63: =IFERROR(IF(E63="","",IF(E63<25,"Baixo",IF(E63<50,"Moderado",IF(E63<75,"Alto","Crítico")))),"N/A") -> Baixo | G63: =IF(F63="Crítico","🔴 AÇÃO IMEDIATA","") | H63: =IF(F63="Alto","🟠 PRIORITÁRIO","") | I63: =IF(F63="Moderado","⚠️ PLANEJAR","")
A64: =$A$12 -> 0 | B64: Exigência Laboral | C64: =COUNTIF('🔢 Cálculo'!$B$4:$B$203,$A$12) -> 200 | D64: =IFERROR((IFERROR(AVERAGEIF('🔢 Cálculo'!$B$4:$B$203,$A$12,'🔢 Cálculo'!$D$4:$D$203),0)+IFERROR(AVERAGEIF('🔢 Cálculo'!$B$4:$B$203,$A$12,'🔢 Cálculo'!$E$4:$E$203),0)+IFERROR(AVERAGEIF('🔢 Cálculo'!$B$4:$B$203,$A$12,'🔢 Cálculo'!$F$4:$F$203),0)+IFERROR(AVERAGEIF('🔢 Cálculo'!$B$4:$B$203,$A$12,'🔢 Cálculo'!$G$4:$G$203),0)+IFERROR(AVERAGEIF('🔢 Cálculo'!$B$4:$B$203,$A$12,'🔢 Cálculo'!$H$4:$H$203),0)+IFERROR(AVERAGEIF('🔢 Cálculo'!$B$4:$B$203,$A$12,'🔢 Cálculo'!$I$4:$I$203),0))/6,"") -> 0 | E64: =IFERROR((IFERROR((AVERAGEIF('🔢 Cálculo'!$B$4:$B$203,$A$12,'🔢 Cálculo'!$D$4:$D$203)-1)/4*100,0)+IFERROR((AVERAGEIF('🔢 Cálculo'!$B$4:$B$203,$A$12,'🔢 Cálculo'!$E$4:$E$203)-1)/4*100,0)+IFERROR((AVERAGEIF('🔢 Cálculo'!$B$4:$B$203,$A$12,'🔢 Cálculo'!$F$4:$F$203)-1)/4*100,0)+IFERROR((AVERAGEIF('🔢 Cálculo'!$B$4:$B$203,$A$12,'🔢 Cálculo'!$G$4:$G$203)-1)/4*100,0)+IFERROR((AVERAGEIF('🔢 Cálculo'!$B$4:$B$203,$A$12,'🔢 Cálculo'!$H$4:$H$203)-1)/4*100,0)+IFERROR((AVERAGEIF('🔢 Cálculo'!$B$4:$B$203,$A$12,'🔢 Cálculo'!$I$4:$I$203)-1)/4*100,0))/6,"") -> 0 | F64: =IFERROR(IF(E64="","",IF(E64<25,"Baixo",IF(E64<50,"Moderado",IF(E64<75,"Alto","Crítico")))),"N/A") -> Baixo | G64: =IF(F64="Crítico","🔴 AÇÃO IMEDIATA","") | H64: =IF(F64="Alto","🟠 PRIORITÁRIO","") | I64: =IF(F64="Moderado","⚠️ PLANEJAR","")
A65: =$A$12 -> 0 | B65: Organização do Trabalho | C65: =COUNTIF('🔢 Cálculo'!$B$4:$B$203,$A$12) -> 200 | D65: =IFERROR((IFERROR(AVERAGEIF('🔢 Cálculo'!$B$4:$B$203,$A$12,'🔢 Cálculo'!$J$4:$J$203),0)+IFERROR(AVERAGEIF('🔢 Cálculo'!$B$4:$B$203,$A$12,'🔢 Cálculo'!$K$4:$K$203),0)+IFERROR(AVERAGEIF('🔢 Cálculo'!$B$4:$B$203,$A$12,'🔢 Cálculo'!$L$4:$L$203),0)+IFERROR(AVERAGEIF('🔢 Cálculo'!$B$4:$B$203,$A$12,'🔢 Cálculo'!$M$4:$M$203),0)+IFERROR(AVERAGEIF('🔢 Cálculo'!$B$4:$B$203,$A$12,'🔢 Cálculo'!$N$4:$N$203),0)+IFERROR(AVERAGEIF('🔢 Cálculo'!$B$4:$B$203,$A$12,'🔢 Cálculo'!$O$4:$O$203),0))/6,"") -> 0 | E65: =IFERROR((IFERROR((5-AVERAGEIF('🔢 Cálculo'!$B$4:$B$203,$A$12,'🔢 Cálculo'!$J$4:$J$203))/4*100,0)+IFERROR((5-AVERAGEIF('🔢 Cálculo'!$B$4:$B$203,$A$12,'🔢 Cálculo'!$K$4:$K$203))/4*100,0)+IFERROR((5-AVERAGEIF('🔢 Cálculo'!$B$4:$B$203,$A$12,'🔢 Cálculo'!$L$4:$L$203))/4*100,0)+IFERROR((5-AVERAGEIF('🔢 Cálculo'!$B$4:$B$203,$A$12,'🔢 Cálculo'!$M$4:$M$203))/4*100,0)+IFERROR((5-AVERAGEIF('🔢 Cálculo'!$B$4:$B$203,$A$12,'🔢 Cálculo'!$N$4:$N$203))/4*100,0)+IFERROR((5-AVERAGEIF('🔢 Cálculo'!$B$4:$B$203,$A$12,'🔢 Cálculo'!$O$4:$O$203))/4*100,0))/6,"") -> 0 | F65: =IFERROR(IF(E65="","",IF(E65<25,"Baixo",IF(E65<50,"Moderado",IF(E65<75,"Alto","Crítico")))),"N/A") -> Baixo | G65: =IF(F65="Crítico","🔴 AÇÃO IMEDIATA","") | H65: =IF(F65="Alto","🟠 PRIORITÁRIO","") | I65: =IF(F65="Moderado","⚠️ PLANEJAR","")
A66: =$A$12 -> 0 | B66: Relações Sociais e Liderança | C66: =COUNTIF('🔢 Cálculo'!$B$4:$B$203,$A$12) -> 200 | D66: =IFERROR((IFERROR(AVERAGEIF('🔢 Cálculo'!$B$4:$B$203,$A$12,'🔢 Cálculo'!$P$4:$P$203),0)+IFERROR(AVERAGEIF('🔢 Cálculo'!$B$4:$B$203,$A$12,'🔢 Cálculo'!$Q$4:$Q$203),0)+IFERROR(AVERAGEIF('🔢 Cálculo'!$B$4:$B$203,$A$12,'🔢 Cálculo'!$R$4:$R$203),0)+IFERROR(AVERAGEIF('🔢 Cálculo'!$B$4:$B$203,$A$12,'🔢 Cálculo'!$S$4:$S$203),0)+IFERROR(AVERAGEIF('🔢 Cálculo'!$B$4:$B$203,$A$12,'🔢 Cálculo'!$T$4:$T$203),0)+IFERROR(AVERAGEIF('🔢 Cálculo'!$B$4:$B$203,$A$12,'🔢 Cálculo'!$U$4:$U$203),0))/6,"") -> 0 | E66: =IFERROR((IFERROR((5-AVERAGEIF('🔢 Cálculo'!$B$4:$B$203,$A$12,'🔢 Cálculo'!$P$4:$P$203))/4*100,0)+IFERROR((5-AVERAGEIF('🔢 Cálculo'!$B$4:$B$203,$A$12,'🔢 Cálculo'!$Q$4:$Q$203))/4*100,0)+IFERROR((5-AVERAGEIF('🔢 Cálculo'!$B$4:$B$203,$A$12,'🔢 Cálculo'!$R$4:$R$203))/4*100,0)+IFERROR((5-AVERAGEIF('🔢 Cálculo'!$B$4:$B$203,$A$12,'🔢 Cálculo'!$S$4:$S$203))/4*100,0)+IFERROR((5-AVERAGEIF('🔢 Cálculo'!$B$4:$B$203,$A$12,'🔢 Cálculo'!$T$4:$T$203))/4*100,0)+IFERROR((5-AVERAGEIF('🔢 Cálculo'!$B$4:$B$203,$A$12,'🔢 Cálculo'!$U$4:$U$203))/4*100,0))/6,"") -> 0 | F66: =IFERROR(IF(E66="","",IF(E66<25,"Baixo",IF(E66<50,"Moderado",IF(E66<75,"Alto","Crítico")))),"N/A") -> Baixo | G66: =IF(F66="Crítico","🔴 AÇÃO IMEDIATA","") | H66: =IF(F66="Alto","🟠 PRIORITÁRIO","") | I66: =IF(F66="Moderado","⚠️ PLANEJAR","")
A67: =$A$12 -> 0 | B67: Personalidade / Valores | C67: =COUNTIF('🔢 Cálculo'!$B$4:$B$203,$A$12) -> 200 | D67: =IFERROR((IFERROR(AVERAGEIF('🔢 Cálculo'!$B$4:$B$203,$A$12,'🔢 Cálculo'!$V$4:$V$203),0)+IFERROR(AVERAGEIF('🔢 Cálculo'!$B$4:$B$203,$A$12,'🔢 Cálculo'!$W$4:$W$203),0)+IFERROR(AVERAGEIF('🔢 Cálculo'!$B$4:$B$203,$A$12,'🔢 Cálculo'!$X$4:$X$203),0)+IFERROR(AVERAGEIF('🔢 Cálculo'!$B$4:$B$203,$A$12,'🔢 Cálculo'!$Y$4:$Y$203),0)+IFERROR(AVERAGEIF('🔢 Cálculo'!$B$4:$B$203,$A$12,'🔢 Cálculo'!$Z$4:$Z$203),0))/5,"") -> 0 | E67: =IFERROR((IFERROR((5-AVERAGEIF('🔢 Cálculo'!$B$4:$B$203,$A$12,'🔢 Cálculo'!$V$4:$V$203))/4*100,0)+IFERROR((5-AVERAGEIF('🔢 Cálculo'!$B$4:$B$203,$A$12,'🔢 Cálculo'!$W$4:$W$203))/4*100,0)+IFERROR((5-AVERAGEIF('🔢 Cálculo'!$B$4:$B$203,$A$12,'🔢 Cálculo'!$X$4:$X$203))/4*100,0)+IFERROR((5-AVERAGEIF('🔢 Cálculo'!$B$4:$B$203,$A$12,'🔢 Cálculo'!$Y$4:$Y$203))/4*100,0)+IFERROR((5-AVERAGEIF('🔢 Cálculo'!$B$4:$B$203,$A$12,'🔢 Cálculo'!$Z$4:$Z$203))/4*100,0))/5,"") -> 0 | F67: =IFERROR(IF(E67="","",IF(E67<25,"Baixo",IF(E67<50,"Moderado",IF(E67<75,"Alto","Crítico")))),"N/A") -> Baixo | G67: =IF(F67="Crítico","🔴 AÇÃO IMEDIATA","") | H67: =IF(F67="Alto","🟠 PRIORITÁRIO","") | I67: =IF(F67="Moderado","⚠️ PLANEJAR","")
A68: =$A$12 -> 0 | B68: Interface Indivíduo-Trabalho | C68: =COUNTIF('🔢 Cálculo'!$B$4:$B$203,$A$12) -> 200 | D68: =IFERROR((IFERROR(AVERAGEIF('🔢 Cálculo'!$B$4:$B$203,$A$12,'🔢 Cálculo'!$AA$4:$AA$203),0)+IFERROR(AVERAGEIF('🔢 Cálculo'!$B$4:$B$203,$A$12,'🔢 Cálculo'!$AB$4:$AB$203),0)+IFERROR(AVERAGEIF('🔢 Cálculo'!$B$4:$B$203,$A$12,'🔢 Cálculo'!$AC$4:$AC$203),0)+IFERROR(AVERAGEIF('🔢 Cálculo'!$B$4:$B$203,$A$12,'🔢 Cálculo'!$AD$4:$AD$203),0)+IFERROR(AVERAGEIF('🔢 Cálculo'!$B$4:$B$203,$A$12,'🔢 Cálculo'!$AE$4:$AE$203),0))/5,"") -> 0 | E68: =IFERROR((IFERROR((5-AVERAGEIF('🔢 Cálculo'!$B$4:$B$203,$A$12,'🔢 Cálculo'!$AA$4:$AA$203))/4*100,0)+IFERROR((5-AVERAGEIF('🔢 Cálculo'!$B$4:$B$203,$A$12,'🔢 Cálculo'!$AB$4:$AB$203))/4*100,0)+IFERROR((5-AVERAGEIF('🔢 Cálculo'!$B$4:$B$203,$A$12,'🔢 Cálculo'!$AC$4:$AC$203))/4*100,0)+IFERROR((5-AVERAGEIF('🔢 Cálculo'!$B$4:$B$203,$A$12,'🔢 Cálculo'!$AD$4:$AD$203))/4*100,0)+IFERROR((AVERAGEIF('🔢 Cálculo'!$B$4:$B$203,$A$12,'🔢 Cálculo'!$AE$4:$AE$203)-1)/4*100,0))/5,"") -> 0 | F68: =IFERROR(IF(E68="","",IF(E68<25,"Baixo",IF(E68<50,"Moderado",IF(E68<75,"Alto","Crítico")))),"N/A") -> Baixo | G68: =IF(F68="Crítico","🔴 AÇÃO IMEDIATA","") | H68: =IF(F68="Alto","🟠 PRIORITÁRIO","") | I68: =IF(F68="Moderado","⚠️ PLANEJAR","")
A69: =$A$12 -> 0 | B69: Saúde e Bem-Estar | C69: =COUNTIF('🔢 Cálculo'!$B$4:$B$203,$A$12) -> 200 | D69: =IFERROR((IFERROR(AVERAGEIF('🔢 Cálculo'!$B$4:$B$203,$A$12,'🔢 Cálculo'!$AF$4:$AF$203),0)+IFERROR(AVERAGEIF('🔢 Cálculo'!$B$4:$B$203,$A$12,'🔢 Cálculo'!$AG$4:$AG$203),0)+IFERROR(AVERAGEIF('🔢 Cálculo'!$B$4:$B$203,$A$12,'🔢 Cálculo'!$AH$4:$AH$203),0)+IFERROR(AVERAGEIF('🔢 Cálculo'!$B$4:$B$203,$A$12,'🔢 Cálculo'!$AI$4:$AI$203),0)+IFERROR(AVERAGEIF('🔢 Cálculo'!$B$4:$B$203,$A$12,'🔢 Cálculo'!$AJ$4:$AJ$203),0)+IFERROR(AVERAGEIF('🔢 Cálculo'!$B$4:$B$203,$A$12,'🔢 Cálculo'!$AK$4:$AK$203),0)+IFERROR(AVERAGEIF('🔢 Cálculo'!$B$4:$B$203,$A$12,'🔢 Cálculo'!$AL$4:$AL$203),0)+IFERROR(AVERAGEIF('🔢 Cálculo'!$B$4:$B$203,$A$12,'🔢 Cálculo'!$AM$4:$AM$203),0)+IFERROR(AVERAGEIF('🔢 Cálculo'!$B$4:$B$203,$A$12,'🔢 Cálculo'!$AN$4:$AN$203),0))/9,"") -> 0 | E69: =IFERROR((IFERROR((5-AVERAGEIF('🔢 Cálculo'!$B$4:$B$203,$A$12,'🔢 Cálculo'!$AF$4:$AF$203))/4*100,0)+IFERROR((AVERAGEIF('🔢 Cálculo'!$B$4:$B$203,$A$12,'🔢 Cálculo'!$AG$4:$AG$203)-1)/4*100,0)+IFERROR((AVERAGEIF('🔢 Cálculo'!$B$4:$B$203,$A$12,'🔢 Cálculo'!$AH$4:$AH$203)-1)/4*100,0)+IFERROR((AVERAGEIF('🔢 Cálculo'!$B$4:$B$203,$A$12,'🔢 Cálculo'!$AI$4:$AI$203)-1)/4*100,0)+IFERROR((AVERAGEIF('🔢 Cálculo'!$B$4:$B$203,$A$12,'🔢 Cálculo'!$AJ$4:$AJ$203)-1)/4*100,0)+IFERROR((AVERAGEIF('🔢 Cálculo'!$B$4:$B$203,$A$12,'🔢 Cálculo'!$AK$4:$AK$203)-1)/4*100,0)+IFERROR((AVERAGEIF('🔢 Cálculo'!$B$4:$B$203,$A$12,'🔢 Cálculo'!$AL$4:$AL$203)-1)/4*100,0)+IFERROR((AVERAGEIF('🔢 Cálculo'!$B$4:$B$203,$A$12,'🔢 Cálculo'!$AM$4:$AM$203)-1)/4*100,0)+IFERROR((AVERAGEIF('🔢 Cálculo'!$B$4:$B$203,$A$12,'🔢 Cálculo'!$AN$4:$AN$203)-1)/4*100,0))/9,"") -> 0 | F69: =IFERROR(IF(E69="","",IF(E69<25,"Baixo",IF(E69<50,"Moderado",IF(E69<75,"Alto","Crítico")))),"N/A") -> Baixo | G69: =IF(F69="Crítico","🔴 AÇÃO IMEDIATA","") | H69: =IF(F69="Alto","🟠 PRIORITÁRIO","") | I69: =IF(F69="Moderado","⚠️ PLANEJAR","")
A70: =$A$12 -> 0 | B70: Comportamentos Ofensivos | C70: =COUNTIF('🔢 Cálculo'!$B$4:$B$203,$A$12) -> 200 | D70: =IFERROR((IFERROR(AVERAGEIF('🔢 Cálculo'!$B$4:$B$203,$A$12,'🔢 Cálculo'!$AO$4:$AO$203),0)+IFERROR(AVERAGEIF('🔢 Cálculo'!$B$4:$B$203,$A$12,'🔢 Cálculo'!$AP$4:$AP$203),0)+IFERROR(AVERAGEIF('🔢 Cálculo'!$B$4:$B$203,$A$12,'🔢 Cálculo'!$AQ$4:$AQ$203),0)+IFERROR(AVERAGEIF('🔢 Cálculo'!$B$4:$B$203,$A$12,'🔢 Cálculo'!$AR$4:$AR$203),0))/4,"") -> 0 | E70: =IFERROR((IFERROR((AVERAGEIF('🔢 Cálculo'!$B$4:$B$203,$A$12,'🔢 Cálculo'!$AO$4:$AO$203)-1)/4*100,0)+IFERROR((AVERAGEIF('🔢 Cálculo'!$B$4:$B$203,$A$12,'🔢 Cálculo'!$AP$4:$AP$203)-1)/4*100,0)+IFERROR((AVERAGEIF('🔢 Cálculo'!$B$4:$B$203,$A$12,'🔢 Cálculo'!$AQ$4:$AQ$203)-1)/4*100,0)+IFERROR((AVERAGEIF('🔢 Cálculo'!$B$4:$B$203,$A$12,'🔢 Cálculo'!$AR$4:$AR$203)-1)/4*100,0))/4,"") -> 0 | F70: =IFERROR(IF(E70="","",IF(E70<25,"Baixo",IF(E70<50,"Moderado",IF(E70<75,"Alto","Crítico")))),"N/A") -> Baixo | G70: =IF(F70="Crítico","🔴 AÇÃO IMEDIATA","") | H70: =IF(F70="Alto","🟠 PRIORITÁRIO","") | I70: =IF(F70="Moderado","⚠️ PLANEJAR","")

Sheet 🔍 Detalhe por Questão
A1: 🔍 DETALHE POR QUESTÃO E SETOR
A2: Média por questão separada por setor. Calculado automaticamente.
A3: Setor | B3: Fator | C3: Cód. | D3: Questão | E3: Score (1–5) | F3: Risco (%) | G3: Classificação | H3: Direção
A4: ='📊 Risco por Setor'!$A$5 -> Operacional | B4: Exigência Laboral | C4: EL01 | D4: Carga de trabalho mal distribuída | E4: =IFERROR(AVERAGEIF('🔢 Cálculo'!$B$4:$B$203,'📊 Risco por Setor'!$A$5,'🔢 Cálculo'!$D$4:$D$203),"") | F4: =IFERROR((E4-1)/4*100,"") | G4: =IFERROR(IF(F4="","",IF(F4<25,"Baixo",IF(F4<50,"Moderado",IF(F4<75,"Alto","Crítico")))),"N/A") | H4: N
A5: ='📊 Risco por Setor'!$A$5 -> Operacional | B5: Exigência Laboral | C5: EL02 | D5: Sem tempo para completar tarefas | E5: =IFERROR(AVERAGEIF('🔢 Cálculo'!$B$4:$B$203,'📊 Risco por Setor'!$A$5,'🔢 Cálculo'!$E$4:$E$203),"") | F5: =IFERROR((E5-1)/4*100,"") | G5: =IFERROR(IF(F5="","",IF(F5<25,"Baixo",IF(F5<50,"Moderado",IF(F5<75,"Alto","Crítico")))),"N/A") | H5: N
A6: ='📊 Risco por Setor'!$A$5 -> Operacional | B6: Exigência Laboral | C6: EL03 | D6: Necessidade de trabalhar rapidamente | E6: =IFERROR(AVERAGEIF('🔢 Cálculo'!$B$4:$B$203,'📊 Risco por Setor'!$A$5,'🔢 Cálculo'!$F$4:$F$203),"") | F6: =IFERROR((E6-1)/4*100,"") | G6: =IFERROR(IF(F6="","",IF(F6<25,"Baixo",IF(F6<50,"Moderado",IF(F6<75,"Alto","Crítico")))),"N/A") | H6: N
A7: ='📊 Risco por Setor'!$A$5 -> Operacional | B7: Exigência Laboral | C7: EL04 | D7: Trabalho exige atenção constante | E7: =IFERROR(AVERAGEIF('🔢 Cálculo'!$B$4:$B$203,'📊 Risco por Setor'!$A$5,'🔢 Cálculo'!$G$4:$G$203),"") | F7: =IFERROR((E7-1)/4*100,"") | G7: =IFERROR(IF(F7="","",IF(F7<25,"Baixo",IF(F7<50,"Moderado",IF(F7<75,"Alto","Crítico")))),"N/A") | H7: N
A8: ='📊 Risco por Setor'!$A$5 -> Operacional | B8: Exigência Laboral | C8: EL05 | D8: Trabalho exige decisões difíceis | E8: =IFERROR(AVERAGEIF('🔢 Cálculo'!$B$4:$B$203,'📊 Risco por Setor'!$A$5,'🔢 Cálculo'!$H$4:$H$203),"") | F8: =IFERROR((E8-1)/4*100,"") | G8: =IFERROR(IF(F8="","",IF(F8<25,"Baixo",IF(F8<50,"Moderado",IF(F8<75,"Alto","Crítico")))),"N/A") | H8: N
A9: ='📊 Risco por Setor'!$A$5 -> Operacional | B9: Exigência Laboral | C9: EL06 | D9: Trabalho exige emocionalmente | E9: =IFERROR(AVERAGEIF('🔢 Cálculo'!$B$4:$B$203,'📊 Risco por Setor'!$A$5,'🔢 Cálculo'!$I$4:$I$203),"") | F9: =IFERROR((E9-1)/4*100,"") | G9: =IFERROR(IF(F9="","",IF(F9<25,"Baixo",IF(F9<50,"Moderado",IF(F9<75,"Alto","Crítico")))),"N/A") | H9: N
A10: ='📊 Risco por Setor'!$A$5 -> Operacional | B10: Organização do Trabalho | C10: OT07 | D10: Grau de influência no trabalho | E10: =IFERROR(AVERAGEIF('🔢 Cálculo'!$B$4:$B$203,'📊 Risco por Setor'!$A$5,'🔢 Cálculo'!$J$4:$J$203),"") | F10: =IFERROR((5-E10)/4*100,"") | G10: =IFERROR(IF(F10="","",IF(F10<25,"Baixo",IF(F10<50,"Moderado",IF(F10<75,"Alto","Crítico")))),"N/A") | H10: P
A11: ='📊 Risco por Setor'!$A$5 -> Operacional | B11: Organização do Trabalho | C11: OT08 | D11: Trabalho exige iniciativa | E11: =IFERROR(AVERAGEIF('🔢 Cálculo'!$B$4:$B$203,'📊 Risco por Setor'!$A$5,'🔢 Cálculo'!$K$4:$K$203),"") | F11: =IFERROR((5-E11)/4*100,"") | G11: =IFERROR(IF(F11="","",IF(F11<25,"Baixo",IF(F11<50,"Moderado",IF(F11<75,"Alto","Crítico")))),"N/A") | H11: P
A12: ='📊 Risco por Setor'!$A$5 -> Operacional | B12: Organização do Trabalho | C12: OT09 | D12: Trabalho permite aprender coisas novas | E12: =IFERROR(AVERAGEIF('🔢 Cálculo'!$B$4:$B$203,'📊 Risco por Setor'!$A$5,'🔢 Cálculo'!$L$4:$L$203),"") | F12: =IFERROR((5-E12)/4*100,"") | G12: =IFERROR(IF(F12="","",IF(F12<25,"Baixo",IF(F12<50,"Moderado",IF(F12<75,"Alto","Crítico")))),"N/A") | H12: P
A13: ='📊 Risco por Setor'!$A$5 -> Operacional | B13: Organização do Trabalho | C13: OT10 | D13: Informado sobre decisões importantes | E13: =IFERROR(AVERAGEIF('🔢 Cálculo'!$B$4:$B$203,'📊 Risco por Setor'!$A$5,'🔢 Cálculo'!$M$4:$M$203),"") | F13: =IFERROR((5-E13)/4*100,"") | G13: =IFERROR(IF(F13="","",IF(F13<25,"Baixo",IF(F13<50,"Moderado",IF(F13<75,"Alto","Crítico")))),"N/A") | H13: P
A14: ='📊 Risco por Setor'!$A$5 -> Operacional | B14: Organização do Trabalho | C14: OT11 | D14: Recebe info necessária para trabalhar bem | E14: =IFERROR(AVERAGEIF('🔢 Cálculo'!$B$4:$B$203,'📊 Risco por Setor'!$A$5,'🔢 Cálculo'!$N$4:$N$203),"") | F14: =IFERROR((5-E14)/4*100,"") | G14: =IFERROR(IF(F14="","",IF(F14<25,"Baixo",IF(F14<50,"Moderado",IF(F14<75,"Alto","Crítico")))),"N/A") | H14: P
A15: ='📊 Risco por Setor'!$A$5 -> Operacional | B15: Organização do Trabalho | C15: OT12 | D15: Sabe exatamente suas responsabilidades | E15: =IFERROR(AVERAGEIF('🔢 Cálculo'!$B$4:$B$203,'📊 Risco por Setor'!$A$5,'🔢 Cálculo'!$O$4:$O$203),"") | F15: =IFERROR((5-E15)/4*100,"") | G15: =IFERROR(IF(F15="","",IF(F15<25,"Baixo",IF(F15<50,"Moderado",IF(F15<75,"Alto","Crítico")))),"N/A") | H15: P
A16: ='📊 Risco por Setor'!$A$5 -> Operacional | B16: Relações Sociais e Liderança | C16: RS13 | D16: Reconhecimento pela gerência | E16: =IFERROR(AVERAGEIF('🔢 Cálculo'!$B$4:$B$203,'📊 Risco por Setor'!$A$5,'🔢 Cálculo'!$P$4:$P$203),"") | F16: =IFERROR((5-E16)/4*100,"") | G16: =IFERROR(IF(F16="","",IF(F16<25,"Baixo",IF(F16<50,"Moderado",IF(F16<75,"Alto","Crítico")))),"N/A") | H16: P
A17: ='📊 Risco por Setor'!$A$5 -> Operacional | B17: Relações Sociais e Liderança | C17: RS14 | D17: Tratamento justo no trabalho | E17: =IFERROR(AVERAGEIF('🔢 Cálculo'!$B$4:$B$203,'📊 Risco por Setor'!$A$5,'🔢 Cálculo'!$Q$4:$Q$203),"") | F17: =IFERROR((5-E17)/4*100,"") | G17: =IFERROR(IF(F17="","",IF(F17<25,"Baixo",IF(F17<50,"Moderado",IF(F17<75,"Alto","Crítico")))),"N/A") | H17: P
A18: ='📊 Risco por Setor'!$A$5 -> Operacional | B18: Relações Sociais e Liderança | C18: RS15 | D18: Ajuda e apoio do superior imediato | E18: =IFERROR(AVERAGEIF('🔢 Cálculo'!$B$4:$B$203,'📊 Risco por Setor'!$A$5,'🔢 Cálculo'!$R$4:$R$203),"") | F18: =IFERROR((5-E18)/4*100,"") | G18: =IFERROR(IF(F18="","",IF(F18<25,"Baixo",IF(F18<50,"Moderado",IF(F18<75,"Alto","Crítico")))),"N/A") | H18: P
A19: ='📊 Risco por Setor'!$A$5 -> Operacional | B19: Relações Sociais e Liderança | C19: RS16 | D19: Bom ambiente entre colegas | E19: =IFERROR(AVERAGEIF('🔢 Cálculo'!$B$4:$B$203,'📊 Risco por Setor'!$A$5,'🔢 Cálculo'!$S$4:$S$203),"") | F19: =IFERROR((5-E19)/4*100,"") | G19: =IFERROR(IF(F19="","",IF(F19<25,"Baixo",IF(F19<50,"Moderado",IF(F19<75,"Alto","Crítico")))),"N/A") | H19: P
A20: ='📊 Risco por Setor'!$A$5 -> Operacional | B20: Relações Sociais e Liderança | C20: RS17 | D20: Oportunidades de desenvolvimento | E20: =IFERROR(AVERAGEIF('🔢 Cálculo'!$B$4:$B$203,'📊 Risco por Setor'!$A$5,'🔢 Cálculo'!$T$4:$T$203),"") | F20: =IFERROR((5-E20)/4*100,"") | G20: =IFERROR(IF(F20="","",IF(F20<25,"Baixo",IF(F20<50,"Moderado",IF(F20<75,"Alto","Crítico")))),"N/A") | H20: P
A21: ='📊 Risco por Setor'!$A$5 -> Operacional | B21: Relações Sociais e Liderança | C21: RS18 | D21: Qualidade no planejamento (gestão) | E21: =IFERROR(AVERAGEIF('🔢 Cálculo'!$B$4:$B$203,'📊 Risco por Setor'!$A$5,'🔢 Cálculo'!$U$4:$U$203),"") | F21: =IFERROR((5-E21)/4*100,"") | G21: =IFERROR(IF(F21="","",IF(F21<25,"Baixo",IF(F21<50,"Moderado",IF(F21<75,"Alto","Crítico")))),"N/A") | H21: P
A22: ='📊 Risco por Setor'!$A$5 -> Operacional | B22: Personalidade / Valores | C22: PE19 | D22: Gerência confia nos funcionários | E22: =IFERROR(AVERAGEIF('🔢 Cálculo'!$B$4:$B$203,'📊 Risco por Setor'!$A$5,'🔢 Cálculo'!$V$4:$V$203),"") | F22: =IFERROR((5-E22)/4*100,"") | G22: =IFERROR(IF(F22="","",IF(F22<25,"Baixo",IF(F22<50,"Moderado",IF(F22<75,"Alto","Crítico")))),"N/A") | H22: P
A23: ='📊 Risco por Setor'!$A$5 -> Operacional | B23: Personalidade / Valores | C23: PE20 | D23: Confia nas informações da gerência | E23: =IFERROR(AVERAGEIF('🔢 Cálculo'!$B$4:$B$203,'📊 Risco por Setor'!$A$5,'🔢 Cálculo'!$W$4:$W$203),"") | F23: =IFERROR((5-E23)/4*100,"") | G23: =IFERROR(IF(F23="","",IF(F23<25,"Baixo",IF(F23<50,"Moderado",IF(F23<75,"Alto","Crítico")))),"N/A") | H23: P
A24: ='📊 Risco por Setor'!$A$5 -> Operacional | B24: Personalidade / Valores | C24: PE21 | D24: Conflitos resolvidos com justiça | E24: =IFERROR(AVERAGEIF('🔢 Cálculo'!$B$4:$B$203,'📊 Risco por Setor'!$A$5,'🔢 Cálculo'!$X$4:$X$203),"") | F24: =IFERROR((5-E24)/4*100,"") | G24: =IFERROR(IF(F24="","",IF(F24<25,"Baixo",IF(F24<50,"Moderado",IF(F24<75,"Alto","Crítico")))),"N/A") | H24: P
A25: ='📊 Risco por Setor'!$A$5 -> Operacional | B25: Personalidade / Valores | C25: PE22 | D25: Trabalho distribuído igualmente | E25: =IFERROR(AVERAGEIF('🔢 Cálculo'!$B$4:$B$203,'📊 Risco por Setor'!$A$5,'🔢 Cálculo'!$Y$4:$Y$203),"") | F25: =IFERROR((5-E25)/4*100,"") | G25: =IFERROR(IF(F25="","",IF(F25<25,"Baixo",IF(F25<50,"Moderado",IF(F25<75,"Alto","Crítico")))),"N/A") | H25: P
A26: ='📊 Risco por Setor'!$A$5 -> Operacional | B26: Personalidade / Valores | C26: PE23 | D26: Autoeficácia – resolve problemas | E26: =IFERROR(AVERAGEIF('🔢 Cálculo'!$B$4:$B$203,'📊 Risco por Setor'!$A$5,'🔢 Cálculo'!$Z$4:$Z$203),"") | F26: =IFERROR((5-E26)/4*100,"") | G26: =IFERROR(IF(F26="","",IF(F26<25,"Baixo",IF(F26<50,"Moderado",IF(F26<75,"Alto","Crítico")))),"N/A") | H26: P
A27: ='📊 Risco por Setor'!$A$5 -> Operacional | B27: Interface Indivíduo-Trabalho | C27: IT24 | D27: Significado do trabalho | E27: =IFERROR(AVERAGEIF('🔢 Cálculo'!$B$4:$B$203,'📊 Risco por Setor'!$A$5,'🔢 Cálculo'!$AA$4:$AA$203),"") | F27: =IFERROR((5-E27)/4*100,"") | G27: =IFERROR(IF(F27="","",IF(F27<25,"Baixo",IF(F27<50,"Moderado",IF(F27<75,"Alto","Crítico")))),"N/A") | H27: P
A28: ='📊 Risco por Setor'!$A$5 -> Operacional | B28: Interface Indivíduo-Trabalho | C28: IT25 | D28: Sente que o trabalho é importante | E28: =IFERROR(AVERAGEIF('🔢 Cálculo'!$B$4:$B$203,'📊 Risco por Setor'!$A$5,'🔢 Cálculo'!$AB$4:$AB$203),"") | F28: =IFERROR((5-E28)/4*100,"") | G28: =IFERROR(IF(F28="","",IF(F28<25,"Baixo",IF(F28<50,"Moderado",IF(F28<75,"Alto","Crítico")))),"N/A") | H28: P
A29: ='📊 Risco por Setor'!$A$5 -> Operacional | B29: Interface Indivíduo-Trabalho | C29: IT26 | D29: Identifica-se com os problemas da empresa | E29: =IFERROR(AVERAGEIF('🔢 Cálculo'!$B$4:$B$203,'📊 Risco por Setor'!$A$5,'🔢 Cálculo'!$AC$4:$AC$203),"") | F29: =IFERROR((5-E29)/4*100,"") | G29: =IFERROR(IF(F29="","",IF(F29<25,"Baixo",IF(F29<50,"Moderado",IF(F29<75,"Alto","Crítico")))),"N/A") | H29: P
A30: ='📊 Risco por Setor'!$A$5 -> Operacional | B30: Interface Indivíduo-Trabalho | C30: IT27 | D30: Satisfação global com o trabalho | E30: =IFERROR(AVERAGEIF('🔢 Cálculo'!$B$4:$B$203,'📊 Risco por Setor'!$A$5,'🔢 Cálculo'!$AD$4:$AD$203),"") | F30: =IFERROR((5-E30)/4*100,"") | G30: =IFERROR(IF(F30="","",IF(F30<25,"Baixo",IF(F30<50,"Moderado",IF(F30<75,"Alto","Crítico")))),"N/A") | H30: P
A31: ='📊 Risco por Setor'!$A$5 -> Operacional | B31: Interface Indivíduo-Trabalho | C31: IT28 | D31: Preocupação em ficar desempregado | E31: =IFERROR(AVERAGEIF('🔢 Cálculo'!$B$4:$B$203,'📊 Risco por Setor'!$A$5,'🔢 Cálculo'!$AE$4:$AE$203),"") | F31: =IFERROR((E31-1)/4*100,"") | G31: =IFERROR(IF(F31="","",IF(F31<25,"Baixo",IF(F31<50,"Moderado",IF(F31<75,"Alto","Crítico")))),"N/A") | H31: N
A32: ='📊 Risco por Setor'!$A$5 -> Operacional | B32: Saúde e Bem-Estar | C32: SB29 | D32: Saúde geral percebida | E32: =IFERROR(AVERAGEIF('🔢 Cálculo'!$B$4:$B$203,'📊 Risco por Setor'!$A$5,'🔢 Cálculo'!$AF$4:$AF$203),"") | F32: =IFERROR((5-E32)/4*100,"") | G32: =IFERROR(IF(F32="","",IF(F32<25,"Baixo",IF(F32<50,"Moderado",IF(F32<75,"Alto","Crítico")))),"N/A") | H32: H
A33: ='📊 Risco por Setor'!$A$5 -> Operacional | B33: Saúde e Bem-Estar | C33: SB30 | D33: Trabalho afeta vida privada (energia) | E33: =IFERROR(AVERAGEIF('🔢 Cálculo'!$B$4:$B$203,'📊 Risco por Setor'!$A$5,'🔢 Cálculo'!$AG$4:$AG$203),"") | F33: =IFERROR((E33-1)/4*100,"") | G33: =IFERROR(IF(F33="","",IF(F33<25,"Baixo",IF(F33<50,"Moderado",IF(F33<75,"Alto","Crítico")))),"N/A") | H33: N
A34: ='📊 Risco por Setor'!$A$5 -> Operacional | B34: Saúde e Bem-Estar | C34: SB31 | D34: Trabalho afeta vida privada (tempo) | E34: =IFERROR(AVERAGEIF('🔢 Cálculo'!$B$4:$B$203,'📊 Risco por Setor'!$A$5,'🔢 Cálculo'!$AH$4:$AH$203),"") | F34: =IFERROR((E34-1)/4*100,"") | G34: =IFERROR(IF(F34="","",IF(F34<25,"Baixo",IF(F34<50,"Moderado",IF(F34<75,"Alto","Crítico")))),"N/A") | H34: N
A35: ='📊 Risco por Setor'!$A$5 -> Operacional | B35: Saúde e Bem-Estar | C35: SB32 | D35: Insônia / acorda durante a noite | E35: =IFERROR(AVERAGEIF('🔢 Cálculo'!$B$4:$B$203,'📊 Risco por Setor'!$A$5,'🔢 Cálculo'!$AI$4:$AI$203),"") | F35: =IFERROR((E35-1)/4*100,"") | G35: =IFERROR(IF(F35="","",IF(F35<25,"Baixo",IF(F35<50,"Moderado",IF(F35<75,"Alto","Crítico")))),"N/A") | H35: N
A36: ='📊 Risco por Setor'!$A$5 -> Operacional | B36: Saúde e Bem-Estar | C36: SB33 | D36: Exaustão física | E36: =IFERROR(AVERAGEIF('🔢 Cálculo'!$B$4:$B$203,'📊 Risco por Setor'!$A$5,'🔢 Cálculo'!$AJ$4:$AJ$203),"") | F36: =IFERROR((E36-1)/4*100,"") | G36: =IFERROR(IF(F36="","",IF(F36<25,"Baixo",IF(F36<50,"Moderado",IF(F36<75,"Alto","Crítico")))),"N/A") | H36: N
A37: ='📊 Risco por Setor'!$A$5 -> Operacional | B37: Saúde e Bem-Estar | C37: SB34 | D37: Exaustão emocional | E37: =IFERROR(AVERAGEIF('🔢 Cálculo'!$B$4:$B$203,'📊 Risco por Setor'!$A$5,'🔢 Cálculo'!$AK$4:$AK$203),"") | F37: =IFERROR((E37-1)/4*100,"") | G37: =IFERROR(IF(F37="","",IF(F37<25,"Baixo",IF(F37<50,"Moderado",IF(F37<75,"Alto","Crítico")))),"N/A") | H37: N
A38: ='📊 Risco por Setor'!$A$5 -> Operacional | B38: Saúde e Bem-Estar | C38: SB35 | D38: Irritabilidade | E38: =IFERROR(AVERAGEIF('🔢 Cálculo'!$B$4:$B$203,'📊 Risco por Setor'!$A$5,'🔢 Cálculo'!$AL$4:$AL$203),"") | F38: =IFERROR((E38-1)/4*100,"") | G38: =IFERROR(IF(F38="","",IF(F38<25,"Baixo",IF(F38<50,"Moderado",IF(F38<75,"Alto","Crítico")))),"N/A") | H38: N
A39: ='📊 Risco por Setor'!$A$5 -> Operacional | B39: Saúde e Bem-Estar | C39: SB36 | D39: Ansiedade | E39: =IFERROR(AVERAGEIF('🔢 Cálculo'!$B$4:$B$203,'📊 Risco por Setor'!$A$5,'🔢 Cálculo'!$AM$4:$AM$203),"") | F39: =IFERROR((E39-1)/4*100,"") | G39: =IFERROR(IF(F39="","",IF(F39<25,"Baixo",IF(F39<50,"Moderado",IF(F39<75,"Alto","Crítico")))),"N/A") | H39: N
A40: ='📊 Risco por Setor'!$A$5 -> Operacional | B40: Saúde e Bem-Estar | C40: SB37 | D40: Tristeza | E40: =IFERROR(AVERAGEIF('🔢 Cálculo'!$B$4:$B$203,'📊 Risco por Setor'!$A$5,'🔢 Cálculo'!$AN$4:$AN$203),"") | F40: =IFERROR((E40-1)/4*100,"") | G40: =IFERROR(IF(F40="","",IF(F40<25,"Baixo",IF(F40<50,"Moderado",IF(F40<75,"Alto","Crítico")))),"N/A") | H40: N
A41: ='📊 Risco por Setor'!$A$5 -> Operacional | B41: Comportamentos Ofensivos | C41: CO38 | D41: Insultos ou provocações verbais | E41: =IFERROR(AVERAGEIF('🔢 Cálculo'!$B$4:$B$203,'📊 Risco por Setor'!$A$5,'🔢 Cálculo'!$AO$4:$AO$203),"") | F41: =IFERROR((E41-1)/4*100,"") | G41: =IFERROR(IF(F41="","",IF(F41<25,"Baixo",IF(F41<50,"Moderado",IF(F41<75,"Alto","Crítico")))),"N/A") | H41: N
A42: ='📊 Risco por Setor'!$A$5 -> Operacional | B42: Comportamentos Ofensivos | C42: CO39 | D42: Assédio sexual indesejado | E42: =IFERROR(AVERAGEIF('🔢 Cálculo'!$B$4:$B$203,'📊 Risco por Setor'!$A$5,'🔢 Cálculo'!$AP$4:$AP$203),"") | F42: =IFERROR((E42-1)/4*100,"") | G42: =IFERROR(IF(F42="","",IF(F42<25,"Baixo",IF(F42<50,"Moderado",IF(F42<75,"Alto","Crítico")))),"N/A") | H42: N
A43: ='📊 Risco por Setor'!$A$5 -> Operacional | B43: Comportamentos Ofensivos | C43: CO40 | D43: Ameaças de violência | E43: =IFERROR(AVERAGEIF('🔢 Cálculo'!$B$4:$B$203,'📊 Risco por Setor'!$A$5,'🔢 Cálculo'!$AQ$4:$AQ$203),"") | F43: =IFERROR((E43-1)/4*100,"") | G43: =IFERROR(IF(F43="","",IF(F43<25,"Baixo",IF(F43<50,"Moderado",IF(F43<75,"Alto","Crítico")))),"N/A") | H43: N
A44: ='📊 Risco por Setor'!$A$5 -> Operacional | B44: Comportamentos Ofensivos | C44: CO41 | D44: Violência física | E44: =IFERROR(AVERAGEIF('🔢 Cálculo'!$B$4:$B$203,'📊 Risco por Setor'!$A$5,'🔢 Cálculo'!$AR$4:$AR$203),"") | F44: =IFERROR((E44-1)/4*100,"") | G44: =IFERROR(IF(F44="","",IF(F44<25,"Baixo",IF(F44<50,"Moderado",IF(F44<75,"Alto","Crítico")))),"N/A") | H44: N
A45: ='📊 Risco por Setor'!$A$6 -> Administrativo / Técnico | B45: Exigência Laboral | C45: EL01 | D45: Carga de trabalho mal distribuída | E45: =IFERROR(AVERAGEIF('🔢 Cálculo'!$B$4:$B$203,'📊 Risco por Setor'!$A$6,'🔢 Cálculo'!$D$4:$D$203),"") | F45: =IFERROR((E45-1)/4*100,"") | G45: =IFERROR(IF(F45="","",IF(F45<25,"Baixo",IF(F45<50,"Moderado",IF(F45<75,"Alto","Crítico")))),"N/A") | H45: N
A46: ='📊 Risco por Setor'!$A$6 -> Administrativo / Técnico | B46: Exigência Laboral | C46: EL02 | D46: Sem tempo para completar tarefas | E46: =IFERROR(AVERAGEIF('🔢 Cálculo'!$B$4:$B$203,'📊 Risco por Setor'!$A$6,'🔢 Cálculo'!$E$4:$E$203),"") | F46: =IFERROR((E46-1)/4*100,"") | G46: =IFERROR(IF(F46="","",IF(F46<25,"Baixo",IF(F46<50,"Moderado",IF(F46<75,"Alto","Crítico")))),"N/A") | H46: N
A47: ='📊 Risco por Setor'!$A$6 -> Administrativo / Técnico | B47: Exigência Laboral | C47: EL03 | D47: Necessidade de trabalhar rapidamente | E47: =IFERROR(AVERAGEIF('🔢 Cálculo'!$B$4:$B$203,'📊 Risco por Setor'!$A$6,'🔢 Cálculo'!$F$4:$F$203),"") | F47: =IFERROR((E47-1)/4*100,"") | G47: =IFERROR(IF(F47="","",IF(F47<25,"Baixo",IF(F47<50,"Moderado",IF(F47<75,"Alto","Crítico")))),"N/A") | H47: N
A48: ='📊 Risco por Setor'!$A$6 -> Administrativo / Técnico | B48: Exigência Laboral | C48: EL04 | D48: Trabalho exige atenção constante | E48: =IFERROR(AVERAGEIF('🔢 Cálculo'!$B$4:$B$203,'📊 Risco por Setor'!$A$6,'🔢 Cálculo'!$G$4:$G$203),"") | F48: =IFERROR((E48-1)/4*100,"") | G48: =IFERROR(IF(F48="","",IF(F48<25,"Baixo",IF(F48<50,"Moderado",IF(F48<75,"Alto","Crítico")))),"N/A") | H48: N
A49: ='📊 Risco por Setor'!$A$6 -> Administrativo / Técnico | B49: Exigência Laboral | C49: EL05 | D49: Trabalho exige decisões difíceis | E49: =IFERROR(AVERAGEIF('🔢 Cálculo'!$B$4:$B$203,'📊 Risco por Setor'!$A$6,'🔢 Cálculo'!$H$4:$H$203),"") | F49: =IFERROR((E49-1)/4*100,"") | G49: =IFERROR(IF(F49="","",IF(F49<25,"Baixo",IF(F49<50,"Moderado",IF(F49<75,"Alto","Crítico")))),"N/A") | H49: N
A50: ='📊 Risco por Setor'!$A$6 -> Administrativo / Técnico | B50: Exigência Laboral | C50: EL06 | D50: Trabalho exige emocionalmente | E50: =IFERROR(AVERAGEIF('🔢 Cálculo'!$B$4:$B$203,'📊 Risco por Setor'!$A$6,'🔢 Cálculo'!$I$4:$I$203),"") | F50: =IFERROR((E50-1)/4*100,"") | G50: =IFERROR(IF(F50="","",IF(F50<25,"Baixo",IF(F50<50,"Moderado",IF(F50<75,"Alto","Crítico")))),"N/A") | H50: N
A51: ='📊 Risco por Setor'!$A$6 -> Administrativo / Técnico | B51: Organização do Trabalho | C51: OT07 | D51: Grau de influência no trabalho | E51: =IFERROR(AVERAGEIF('🔢 Cálculo'!$B$4:$B$203,'📊 Risco por Setor'!$A$6,'🔢 Cálculo'!$J$4:$J$203),"") | F51: =IFERROR((5-E51)/4*100,"") | G51: =IFERROR(IF(F51="","",IF(F51<25,"Baixo",IF(F51<50,"Moderado",IF(F51<75,"Alto","Crítico")))),"N/A") | H51: P
A52: ='📊 Risco por Setor'!$A$6 -> Administrativo / Técnico | B52: Organização do Trabalho | C52: OT08 | D52: Trabalho exige iniciativa | E52: =IFERROR(AVERAGEIF('🔢 Cálculo'!$B$4:$B$203,'📊 Risco por Setor'!$A$6,'🔢 Cálculo'!$K$4:$K$203),"") | F52: =IFERROR((5-E52)/4*100,"") | G52: =IFERROR(IF(F52="","",IF(F52<25,"Baixo",IF(F52<50,"Moderado",IF(F52<75,"Alto","Crítico")))),"N/A") | H52: P
A53: ='📊 Risco por Setor'!$A$6 -> Administrativo / Técnico | B53: Organização do Trabalho | C53: OT09 | D53: Trabalho permite aprender coisas novas | E53: =IFERROR(AVERAGEIF('🔢 Cálculo'!$B$4:$B$203,'📊 Risco por Setor'!$A$6,'🔢 Cálculo'!$L$4:$L$203),"") | F53: =IFERROR((5-E53)/4*100,"") | G53: =IFERROR(IF(F53="","",IF(F53<25,"Baixo",IF(F53<50,"Moderado",IF(F53<75,"Alto","Crítico")))),"N/A") | H53: P
A54: ='📊 Risco por Setor'!$A$6 -> Administrativo / Técnico | B54: Organização do Trabalho | C54: OT10 | D54: Informado sobre decisões importantes | E54: =IFERROR(AVERAGEIF('🔢 Cálculo'!$B$4:$B$203,'📊 Risco por Setor'!$A$6,'🔢 Cálculo'!$M$4:$M$203),"") | F54: =IFERROR((5-E54)/4*100,"") | G54: =IFERROR(IF(F54="","",IF(F54<25,"Baixo",IF(F54<50,"Moderado",IF(F54<75,"Alto","Crítico")))),"N/A") | H54: P
A55: ='📊 Risco por Setor'!$A$6 -> Administrativo / Técnico | B55: Organização do Trabalho | C55: OT11 | D55: Recebe info necessária para trabalhar bem | E55: =IFERROR(AVERAGEIF('🔢 Cálculo'!$B$4:$B$203,'📊 Risco por Setor'!$A$6,'🔢 Cálculo'!$N$4:$N$203),"") | F55: =IFERROR((5-E55)/4*100,"") | G55: =IFERROR(IF(F55="","",IF(F55<25,"Baixo",IF(F55<50,"Moderado",IF(F55<75,"Alto","Crítico")))),"N/A") | H55: P
A56: ='📊 Risco por Setor'!$A$6 -> Administrativo / Técnico | B56: Organização do Trabalho | C56: OT12 | D56: Sabe exatamente suas responsabilidades | E56: =IFERROR(AVERAGEIF('🔢 Cálculo'!$B$4:$B$203,'📊 Risco por Setor'!$A$6,'🔢 Cálculo'!$O$4:$O$203),"") | F56: =IFERROR((5-E56)/4*100,"") | G56: =IFERROR(IF(F56="","",IF(F56<25,"Baixo",IF(F56<50,"Moderado",IF(F56<75,"Alto","Crítico")))),"N/A") | H56: P
A57: ='📊 Risco por Setor'!$A$6 -> Administrativo / Técnico | B57: Relações Sociais e Liderança | C57: RS13 | D57: Reconhecimento pela gerência | E57: =IFERROR(AVERAGEIF('🔢 Cálculo'!$B$4:$B$203,'📊 Risco por Setor'!$A$6,'🔢 Cálculo'!$P$4:$P$203),"") | F57: =IFERROR((5-E57)/4*100,"") | G57: =IFERROR(IF(F57="","",IF(F57<25,"Baixo",IF(F57<50,"Moderado",IF(F57<75,"Alto","Crítico")))),"N/A") | H57: P
A58: ='📊 Risco por Setor'!$A$6 -> Administrativo / Técnico | B58: Relações Sociais e Liderança | C58: RS14 | D58: Tratamento justo no trabalho | E58: =IFERROR(AVERAGEIF('🔢 Cálculo'!$B$4:$B$203,'📊 Risco por Setor'!$A$6,'🔢 Cálculo'!$Q$4:$Q$203),"") | F58: =IFERROR((5-E58)/4*100,"") | G58: =IFERROR(IF(F58="","",IF(F58<25,"Baixo",IF(F58<50,"Moderado",IF(F58<75,"Alto","Crítico")))),"N/A") | H58: P
A59: ='📊 Risco por Setor'!$A$6 -> Administrativo / Técnico | B59: Relações Sociais e Liderança | C59: RS15 | D59: Ajuda e apoio do superior imediato | E59: =IFERROR(AVERAGEIF('🔢 Cálculo'!$B$4:$B$203,'📊 Risco por Setor'!$A$6,'🔢 Cálculo'!$R$4:$R$203),"") | F59: =IFERROR((5-E59)/4*100,"") | G59: =IFERROR(IF(F59="","",IF(F59<25,"Baixo",IF(F59<50,"Moderado",IF(F59<75,"Alto","Crítico")))),"N/A") | H59: P
A60: ='📊 Risco por Setor'!$A$6 -> Administrativo / Técnico | B60: Relações Sociais e Liderança | C60: RS16 | D60: Bom ambiente entre colegas | E60: =IFERROR(AVERAGEIF('🔢 Cálculo'!$B$4:$B$203,'📊 Risco por Setor'!$A$6,'🔢 Cálculo'!$S$4:$S$203),"") | F60: =IFERROR((5-E60)/4*100,"") | G60: =IFERROR(IF(F60="","",IF(F60<25,"Baixo",IF(F60<50,"Moderado",IF(F60<75,"Alto","Crítico")))),"N/A") | H60: P
A61: ='📊 Risco por Setor'!$A$6 -> Administrativo / Técnico | B61: Relações Sociais e Liderança | C61: RS17 | D61: Oportunidades de desenvolvimento | E61: =IFERROR(AVERAGEIF('🔢 Cálculo'!$B$4:$B$203,'📊 Risco por Setor'!$A$6,'🔢 Cálculo'!$T$4:$T$203),"") | F61: =IFERROR((5-E61)/4*100,"") | G61: =IFERROR(IF(F61="","",IF(F61<25,"Baixo",IF(F61<50,"Moderado",IF(F61<75,"Alto","Crítico")))),"N/A") | H61: P
A62: ='📊 Risco por Setor'!$A$6 -> Administrativo / Técnico | B62: Relações Sociais e Liderança | C62: RS18 | D62: Qualidade no planejamento (gestão) | E62: =IFERROR(AVERAGEIF('🔢 Cálculo'!$B$4:$B$203,'📊 Risco por Setor'!$A$6,'🔢 Cálculo'!$U$4:$U$203),"") | F62: =IFERROR((5-E62)/4*100,"") | G62: =IFERROR(IF(F62="","",IF(F62<25,"Baixo",IF(F62<50,"Moderado",IF(F62<75,"Alto","Crítico")))),"N/A") | H62: P
A63: ='📊 Risco por Setor'!$A$6 -> Administrativo / Técnico | B63: Personalidade / Valores | C63: PE19 | D63: Gerência confia nos funcionários | E63: =IFERROR(AVERAGEIF('🔢 Cálculo'!$B$4:$B$203,'📊 Risco por Setor'!$A$6,'🔢 Cálculo'!$V$4:$V$203),"") | F63: =IFERROR((5-E63)/4*100,"") | G63: =IFERROR(IF(F63="","",IF(F63<25,"Baixo",IF(F63<50,"Moderado",IF(F63<75,"Alto","Crítico")))),"N/A") | H63: P
A64: ='📊 Risco por Setor'!$A$6 -> Administrativo / Técnico | B64: Personalidade / Valores | C64: PE20 | D64: Confia nas informações da gerência | E64: =IFERROR(AVERAGEIF('🔢 Cálculo'!$B$4:$B$203,'📊 Risco por Setor'!$A$6,'🔢 Cálculo'!$W$4:$W$203),"") | F64: =IFERROR((5-E64)/4*100,"") | G64: =IFERROR(IF(F64="","",IF(F64<25,"Baixo",IF(F64<50,"Moderado",IF(F64<75,"Alto","Crítico")))),"N/A") | H64: P
A65: ='📊 Risco por Setor'!$A$6 -> Administrativo / Técnico | B65: Personalidade / Valores | C65: PE21 | D65: Conflitos resolvidos com justiça | E65: =IFERROR(AVERAGEIF('🔢 Cálculo'!$B$4:$B$203,'📊 Risco por Setor'!$A$6,'🔢 Cálculo'!$X$4:$X$203),"") | F65: =IFERROR((5-E65)/4*100,"") | G65: =IFERROR(IF(F65="","",IF(F65<25,"Baixo",IF(F65<50,"Moderado",IF(F65<75,"Alto","Crítico")))),"N/A") | H65: P
A66: ='📊 Risco por Setor'!$A$6 -> Administrativo / Técnico | B66: Personalidade / Valores | C66: PE22 | D66: Trabalho distribuído igualmente | E66: =IFERROR(AVERAGEIF('🔢 Cálculo'!$B$4:$B$203,'📊 Risco por Setor'!$A$6,'🔢 Cálculo'!$Y$4:$Y$203),"") | F66: =IFERROR((5-E66)/4*100,"") | G66: =IFERROR(IF(F66="","",IF(F66<25,"Baixo",IF(F66<50,"Moderado",IF(F66<75,"Alto","Crítico")))),"N/A") | H66: P
A67: ='📊 Risco por Setor'!$A$6 -> Administrativo / Técnico | B67: Personalidade / Valores | C67: PE23 | D67: Autoeficácia – resolve problemas | E67: =IFERROR(AVERAGEIF('🔢 Cálculo'!$B$4:$B$203,'📊 Risco por Setor'!$A$6,'🔢 Cálculo'!$Z$4:$Z$203),"") | F67: =IFERROR((5-E67)/4*100,"") | G67: =IFERROR(IF(F67="","",IF(F67<25,"Baixo",IF(F67<50,"Moderado",IF(F67<75,"Alto","Crítico")))),"N/A") | H67: P
A68: ='📊 Risco por Setor'!$A$6 -> Administrativo / Técnico | B68: Interface Indivíduo-Trabalho | C68: IT24 | D68: Significado do trabalho | E68: =IFERROR(AVERAGEIF('🔢 Cálculo'!$B$4:$B$203,'📊 Risco por Setor'!$A$6,'🔢 Cálculo'!$AA$4:$AA$203),"") | F68: =IFERROR((5-E68)/4*100,"") | G68: =IFERROR(IF(F68="","",IF(F68<25,"Baixo",IF(F68<50,"Moderado",IF(F68<75,"Alto","Crítico")))),"N/A") | H68: P
A69: ='📊 Risco por Setor'!$A$6 -> Administrativo / Técnico | B69: Interface Indivíduo-Trabalho | C69: IT25 | D69: Sente que o trabalho é importante | E69: =IFERROR(AVERAGEIF('🔢 Cálculo'!$B$4:$B$203,'📊 Risco por Setor'!$A$6,'🔢 Cálculo'!$AB$4:$AB$203),"") | F69: =IFERROR((5-E69)/4*100,"") | G69: =IFERROR(IF(F69="","",IF(F69<25,"Baixo",IF(F69<50,"Moderado",IF(F69<75,"Alto","Crítico")))),"N/A") | H69: P
A70: ='📊 Risco por Setor'!$A$6 -> Administrativo / Técnico | B70: Interface Indivíduo-Trabalho | C70: IT26 | D70: Identifica-se com os problemas da empresa | E70: =IFERROR(AVERAGEIF('🔢 Cálculo'!$B$4:$B$203,'📊 Risco por Setor'!$A$6,'🔢 Cálculo'!$AC$4:$AC$203),"") | F70: =IFERROR((5-E70)/4*100,"") | G70: =IFERROR(IF(F70="","",IF(F70<25,"Baixo",IF(F70<50,"Moderado",IF(F70<75,"Alto","Crítico")))),"N/A") | H70: P
A71: ='📊 Risco por Setor'!$A$6 -> Administrativo / Técnico | B71: Interface Indivíduo-Trabalho | C71: IT27 | D71: Satisfação global com o trabalho | E71: =IFERROR(AVERAGEIF('🔢 Cálculo'!$B$4:$B$203,'📊 Risco por Setor'!$A$6,'🔢 Cálculo'!$AD$4:$AD$203),"") | F71: =IFERROR((5-E71)/4*100,"") | G71: =IFERROR(IF(F71="","",IF(F71<25,"Baixo",IF(F71<50,"Moderado",IF(F71<75,"Alto","Crítico")))),"N/A") | H71: P
A72: ='📊 Risco por Setor'!$A$6 -> Administrativo / Técnico | B72: Interface Indivíduo-Trabalho | C72: IT28 | D72: Preocupação em ficar desempregado | E72: =IFERROR(AVERAGEIF('🔢 Cálculo'!$B$4:$B$203,'📊 Risco por Setor'!$A$6,'🔢 Cálculo'!$AE$4:$AE$203),"") | F72: =IFERROR((E72-1)/4*100,"") | G72: =IFERROR(IF(F72="","",IF(F72<25,"Baixo",IF(F72<50,"Moderado",IF(F72<75,"Alto","Crítico")))),"N/A") | H72: N
A73: ='📊 Risco por Setor'!$A$6 -> Administrativo / Técnico | B73: Saúde e Bem-Estar | C73: SB29 | D73: Saúde geral percebida | E73: =IFERROR(AVERAGEIF('🔢 Cálculo'!$B$4:$B$203,'📊 Risco por Setor'!$A$6,'🔢 Cálculo'!$AF$4:$AF$203),"") | F73: =IFERROR((5-E73)/4*100,"") | G73: =IFERROR(IF(F73="","",IF(F73<25,"Baixo",IF(F73<50,"Moderado",IF(F73<75,"Alto","Crítico")))),"N/A") | H73: H
A74: ='📊 Risco por Setor'!$A$6 -> Administrativo / Técnico | B74: Saúde e Bem-Estar | C74: SB30 | D74: Trabalho afeta vida privada (energia) | E74: =IFERROR(AVERAGEIF('🔢 Cálculo'!$B$4:$B$203,'📊 Risco por Setor'!$A$6,'🔢 Cálculo'!$AG$4:$AG$203),"") | F74: =IFERROR((E74-1)/4*100,"") | G74: =IFERROR(IF(F74="","",IF(F74<25,"Baixo",IF(F74<50,"Moderado",IF(F74<75,"Alto","Crítico")))),"N/A") | H74: N
A75: ='📊 Risco por Setor'!$A$6 -> Administrativo / Técnico | B75: Saúde e Bem-Estar | C75: SB31 | D75: Trabalho afeta vida privada (tempo) | E75: =IFERROR(AVERAGEIF('🔢 Cálculo'!$B$4:$B$203,'📊 Risco por Setor'!$A$6,'🔢 Cálculo'!$AH$4:$AH$203),"") | F75: =IFERROR((E75-1)/4*100,"") | G75: =IFERROR(IF(F75="","",IF(F75<25,"Baixo",IF(F75<50,"Moderado",IF(F75<75,"Alto","Crítico")))),"N/A") | H75: N
A76: ='📊 Risco por Setor'!$A$6 -> Administrativo / Técnico | B76: Saúde e Bem-Estar | C76: SB32 | D76: Insônia / acorda durante a noite | E76: =IFERROR(AVERAGEIF('🔢 Cálculo'!$B$4:$B$203,'📊 Risco por Setor'!$A$6,'🔢 Cálculo'!$AI$4:$AI$203),"") | F76: =IFERROR((E76-1)/4*100,"") | G76: =IFERROR(IF(F76="","",IF(F76<25,"Baixo",IF(F76<50,"Moderado",IF(F76<75,"Alto","Crítico")))),"N/A") | H76: N
A77: ='📊 Risco por Setor'!$A$6 -> Administrativo / Técnico | B77: Saúde e Bem-Estar | C77: SB33 | D77: Exaustão física | E77: =IFERROR(AVERAGEIF('🔢 Cálculo'!$B$4:$B$203,'📊 Risco por Setor'!$A$6,'🔢 Cálculo'!$AJ$4:$AJ$203),"") | F77: =IFERROR((E77-1)/4*100,"") | G77: =IFERROR(IF(F77="","",IF(F77<25,"Baixo",IF(F77<50,"Moderado",IF(F77<75,"Alto","Crítico")))),"N/A") | H77: N
A78: ='📊 Risco por Setor'!$A$6 -> Administrativo / Técnico | B78: Saúde e Bem-Estar | C78: SB34 | D78: Exaustão emocional | E78: =IFERROR(AVERAGEIF('🔢 Cálculo'!$B$4:$B$203,'📊 Risco por Setor'!$A$6,'🔢 Cálculo'!$AK$4:$AK$203),"") | F78: =IFERROR((E78-1)/4*100,"") | G78: =IFERROR(IF(F78="","",IF(F78<25,"Baixo",IF(F78<50,"Moderado",IF(F78<75,"Alto","Crítico")))),"N/A") | H78: N
A79: ='📊 Risco por Setor'!$A$6 -> Administrativo / Técnico | B79: Saúde e Bem-Estar | C79: SB35 | D79: Irritabilidade | E79: =IFERROR(AVERAGEIF('🔢 Cálculo'!$B$4:$B$203,'📊 Risco por Setor'!$A$6,'🔢 Cálculo'!$AL$4:$AL$203),"") | F79: =IFERROR((E79-1)/4*100,"") | G79: =IFERROR(IF(F79="","",IF(F79<25,"Baixo",IF(F79<50,"Moderado",IF(F79<75,"Alto","Crítico")))),"N/A") | H79: N
A80: ='📊 Risco por Setor'!$A$6 -> Administrativo / Técnico | B80: Saúde e Bem-Estar | C80: SB36 | D80: Ansiedade | E80: =IFERROR(AVERAGEIF('🔢 Cálculo'!$B$4:$B$203,'📊 Risco por Setor'!$A$6,'🔢 Cálculo'!$AM$4:$AM$203),"") | F80: =IFERROR((E80-1)/4*100,"") | G80: =IFERROR(IF(F80="","",IF(F80<25,"Baixo",IF(F80<50,"Moderado",IF(F80<75,"Alto","Crítico")))),"N/A") | H80: N
A81: ='📊 Risco por Setor'!$A$6 -> Administrativo / Técnico | B81: Saúde e Bem-Estar | C81: SB37 | D81: Tristeza | E81: =IFERROR(AVERAGEIF('🔢 Cálculo'!$B$4:$B$203,'📊 Risco por Setor'!$A$6,'🔢 Cálculo'!$AN$4:$AN$203),"") | F81: =IFERROR((E81-1)/4*100,"") | G81: =IFERROR(IF(F81="","",IF(F81<25,"Baixo",IF(F81<50,"Moderado",IF(F81<75,"Alto","Crítico")))),"N/A") | H81: N
A82: ='📊 Risco por Setor'!$A$6 -> Administrativo / Técnico | B82: Comportamentos Ofensivos | C82: CO38 | D82: Insultos ou provocações verbais | E82: =IFERROR(AVERAGEIF('🔢 Cálculo'!$B$4:$B$203,'📊 Risco por Setor'!$A$6,'🔢 Cálculo'!$AO$4:$AO$203),"") | F82: =IFERROR((E82-1)/4*100,"") | G82: =IFERROR(IF(F82="","",IF(F82<25,"Baixo",IF(F82<50,"Moderado",IF(F82<75,"Alto","Crítico")))),"N/A") | H82: N
A83: ='📊 Risco por Setor'!$A$6 -> Administrativo / Técnico | B83: Comportamentos Ofensivos | C83: CO39 | D83: Assédio sexual indesejado | E83: =IFERROR(AVERAGEIF('🔢 Cálculo'!$B$4:$B$203,'📊 Risco por Setor'!$A$6,'🔢 Cálculo'!$AP$4:$AP$203),"") | F83: =IFERROR((E83-1)/4*100,"") | G83: =IFERROR(IF(F83="","",IF(F83<25,"Baixo",IF(F83<50,"Moderado",IF(F83<75,"Alto","Crítico")))),"N/A") | H83: N
A84: ='📊 Risco por Setor'!$A$6 -> Administrativo / Técnico | B84: Comportamentos Ofensivos | C84: CO40 | D84: Ameaças de violência | E84: =IFERROR(AVERAGEIF('🔢 Cálculo'!$B$4:$B$203,'📊 Risco por Setor'!$A$6,'🔢 Cálculo'!$AQ$4:$AQ$203),"") | F84: =IFERROR((E84-1)/4*100,"") | G84: =IFERROR(IF(F84="","",IF(F84<25,"Baixo",IF(F84<50,"Moderado",IF(F84<75,"Alto","Crítico")))),"N/A") | H84: N
A85: ='📊 Risco por Setor'!$A$6 -> Administrativo / Técnico | B85: Comportamentos Ofensivos | C85: CO41 | D85: Violência física | E85: =IFERROR(AVERAGEIF('🔢 Cálculo'!$B$4:$B$203,'📊 Risco por Setor'!$A$6,'🔢 Cálculo'!$AR$4:$AR$203),"") | F85: =IFERROR((E85-1)/4*100,"") | G85: =IFERROR(IF(F85="","",IF(F85<25,"Baixo",IF(F85<50,"Moderado",IF(F85<75,"Alto","Crítico")))),"N/A") | H85: N
A86: ='📊 Risco por Setor'!$A$7 -> 0 | B86: Exigência Laboral | C86: EL01 | D86: Carga de trabalho mal distribuída | E86: =IFERROR(AVERAGEIF('🔢 Cálculo'!$B$4:$B$203,'📊 Risco por Setor'!$A$7,'🔢 Cálculo'!$D$4:$D$203),"") | F86: =IFERROR((E86-1)/4*100,"") | G86: =IFERROR(IF(F86="","",IF(F86<25,"Baixo",IF(F86<50,"Moderado",IF(F86<75,"Alto","Crítico")))),"N/A") | H86: N
A87: ='📊 Risco por Setor'!$A$7 -> 0 | B87: Exigência Laboral | C87: EL02 | D87: Sem tempo para completar tarefas | E87: =IFERROR(AVERAGEIF('🔢 Cálculo'!$B$4:$B$203,'📊 Risco por Setor'!$A$7,'🔢 Cálculo'!$E$4:$E$203),"") | F87: =IFERROR((E87-1)/4*100,"") | G87: =IFERROR(IF(F87="","",IF(F87<25,"Baixo",IF(F87<50,"Moderado",IF(F87<75,"Alto","Crítico")))),"N/A") | H87: N
A88: ='📊 Risco por Setor'!$A$7 -> 0 | B88: Exigência Laboral | C88: EL03 | D88: Necessidade de trabalhar rapidamente | E88: =IFERROR(AVERAGEIF('🔢 Cálculo'!$B$4:$B$203,'📊 Risco por Setor'!$A$7,'🔢 Cálculo'!$F$4:$F$203),"") | F88: =IFERROR((E88-1)/4*100,"") | G88: =IFERROR(IF(F88="","",IF(F88<25,"Baixo",IF(F88<50,"Moderado",IF(F88<75,"Alto","Crítico")))),"N/A") | H88: N
A89: ='📊 Risco por Setor'!$A$7 -> 0 | B89: Exigência Laboral | C89: EL04 | D89: Trabalho exige atenção constante | E89: =IFERROR(AVERAGEIF('🔢 Cálculo'!$B$4:$B$203,'📊 Risco por Setor'!$A$7,'🔢 Cálculo'!$G$4:$G$203),"") | F89: =IFERROR((E89-1)/4*100,"") | G89: =IFERROR(IF(F89="","",IF(F89<25,"Baixo",IF(F89<50,"Moderado",IF(F89<75,"Alto","Crítico")))),"N/A") | H89: N
A90: ='📊 Risco por Setor'!$A$7 -> 0 | B90: Exigência Laboral | C90: EL05 | D90: Trabalho exige decisões difíceis | E90: =IFERROR(AVERAGEIF('🔢 Cálculo'!$B$4:$B$203,'📊 Risco por Setor'!$A$7,'🔢 Cálculo'!$H$4:$H$203),"") | F90: =IFERROR((E90-1)/4*100,"") | G90: =IFERROR(IF(F90="","",IF(F90<25,"Baixo",IF(F90<50,"Moderado",IF(F90<75,"Alto","Crítico")))),"N/A") | H90: N
A91: ='📊 Risco por Setor'!$A$7 -> 0 | B91: Exigência Laboral | C91: EL06 | D91: Trabalho exige emocionalmente | E91: =IFERROR(AVERAGEIF('🔢 Cálculo'!$B$4:$B$203,'📊 Risco por Setor'!$A$7,'🔢 Cálculo'!$I$4:$I$203),"") | F91: =IFERROR((E91-1)/4*100,"") | G91: =IFERROR(IF(F91="","",IF(F91<25,"Baixo",IF(F91<50,"Moderado",IF(F91<75,"Alto","Crítico")))),"N/A") | H91: N
A92: ='📊 Risco por Setor'!$A$7 -> 0 | B92: Organização do Trabalho | C92: OT07 | D92: Grau de influência no trabalho | E92: =IFERROR(AVERAGEIF('🔢 Cálculo'!$B$4:$B$203,'📊 Risco por Setor'!$A$7,'🔢 Cálculo'!$J$4:$J$203),"") | F92: =IFERROR((5-E92)/4*100,"") | G92: =IFERROR(IF(F92="","",IF(F92<25,"Baixo",IF(F92<50,"Moderado",IF(F92<75,"Alto","Crítico")))),"N/A") | H92: P
A93: ='📊 Risco por Setor'!$A$7 -> 0 | B93: Organização do Trabalho | C93: OT08 | D93: Trabalho exige iniciativa | E93: =IFERROR(AVERAGEIF('🔢 Cálculo'!$B$4:$B$203,'📊 Risco por Setor'!$A$7,'🔢 Cálculo'!$K$4:$K$203),"") | F93: =IFERROR((5-E93)/4*100,"") | G93: =IFERROR(IF(F93="","",IF(F93<25,"Baixo",IF(F93<50,"Moderado",IF(F93<75,"Alto","Crítico")))),"N/A") | H93: P
A94: ='📊 Risco por Setor'!$A$7 -> 0 | B94: Organização do Trabalho | C94: OT09 | D94: Trabalho permite aprender coisas novas | E94: =IFERROR(AVERAGEIF('🔢 Cálculo'!$B$4:$B$203,'📊 Risco por Setor'!$A$7,'🔢 Cálculo'!$L$4:$L$203),"") | F94: =IFERROR((5-E94)/4*100,"") | G94: =IFERROR(IF(F94="","",IF(F94<25,"Baixo",IF(F94<50,"Moderado",IF(F94<75,"Alto","Crítico")))),"N/A") | H94: P
A95: ='📊 Risco por Setor'!$A$7 -> 0 | B95: Organização do Trabalho | C95: OT10 | D95: Informado sobre decisões importantes | E95: =IFERROR(AVERAGEIF('🔢 Cálculo'!$B$4:$B$203,'📊 Risco por Setor'!$A$7,'🔢 Cálculo'!$M$4:$M$203),"") | F95: =IFERROR((5-E95)/4*100,"") | G95: =IFERROR(IF(F95="","",IF(F95<25,"Baixo",IF(F95<50,"Moderado",IF(F95<75,"Alto","Crítico")))),"N/A") | H95: P
A96: ='📊 Risco por Setor'!$A$7 -> 0 | B96: Organização do Trabalho | C96: OT11 | D96: Recebe info necessária para trabalhar bem | E96: =IFERROR(AVERAGEIF('🔢 Cálculo'!$B$4:$B$203,'📊 Risco por Setor'!$A$7,'🔢 Cálculo'!$N$4:$N$203),"") | F96: =IFERROR((5-E96)/4*100,"") | G96: =IFERROR(IF(F96="","",IF(F96<25,"Baixo",IF(F96<50,"Moderado",IF(F96<75,"Alto","Crítico")))),"N/A") | H96: P
A97: ='📊 Risco por Setor'!$A$7 -> 0 | B97: Organização do Trabalho | C97: OT12 | D97: Sabe exatamente suas responsabilidades | E97: =IFERROR(AVERAGEIF('🔢 Cálculo'!$B$4:$B$203,'📊 Risco por Setor'!$A$7,'🔢 Cálculo'!$O$4:$O$203),"") | F97: =IFERROR((5-E97)/4*100,"") | G97: =IFERROR(IF(F97="","",IF(F97<25,"Baixo",IF(F97<50,"Moderado",IF(F97<75,"Alto","Crítico")))),"N/A") | H97: P
A98: ='📊 Risco por Setor'!$A$7 -> 0 | B98: Relações Sociais e Liderança | C98: RS13 | D98: Reconhecimento pela gerência | E98: =IFERROR(AVERAGEIF('🔢 Cálculo'!$B$4:$B$203,'📊 Risco por Setor'!$A$7,'🔢 Cálculo'!$P$4:$P$203),"") | F98: =IFERROR((5-E98)/4*100,"") | G98: =IFERROR(IF(F98="","",IF(F98<25,"Baixo",IF(F98<50,"Moderado",IF(F98<75,"Alto","Crítico")))),"N/A") | H98: P
A99: ='📊 Risco por Setor'!$A$7 -> 0 | B99: Relações Sociais e Liderança | C99: RS14 | D99: Tratamento justo no trabalho | E99: =IFERROR(AVERAGEIF('🔢 Cálculo'!$B$4:$B$203,'📊 Risco por Setor'!$A$7,'🔢 Cálculo'!$Q$4:$Q$203),"") | F99: =IFERROR((5-E99)/4*100,"") | G99: =IFERROR(IF(F99="","",IF(F99<25,"Baixo",IF(F99<50,"Moderado",IF(F99<75,"Alto","Crítico")))),"N/A") | H99: P
A100: ='📊 Risco por Setor'!$A$7 -> 0 | B100: Relações Sociais e Liderança | C100: RS15 | D100: Ajuda e apoio do superior imediato | E100: =IFERROR(AVERAGEIF('🔢 Cálculo'!$B$4:$B$203,'📊 Risco por Setor'!$A$7,'🔢 Cálculo'!$R$4:$R$203),"") | F100: =IFERROR((5-E100)/4*100,"") | G100: =IFERROR(IF(F100="","",IF(F100<25,"Baixo",IF(F100<50,"Moderado",IF(F100<75,"Alto","Crítico")))),"N/A") | H100: P
...

Sheet 📋 Plano de Ação
A1: 📋 PLANO DE AÇÃO – MEDIDAS DE IMPLEMENTAÇÃO POR FATOR DE RISCO
A2: 3 medidas de implementação por fator | Status e prazos editáveis | IntegraPsi Consultoria
A3: Setor | B3: Fator de Risco | C3: Risco (%) | D3: Classificação | E3: Medida de Implementação | F3: Como Implementar (Passo a Passo) | G3: Responsável | H3: Prazo | I3: Indicador de Resultado | J3: Status
A4: ='📊 Risco por Setor'!$A$5 -> Operacional | B4: ='📊 Risco por Setor'!B15 -> Exigência Laboral | C4: =IFERROR('📊 Risco por Setor'!E15,"") -> 0 | D4: =IFERROR('📊 Risco por Setor'!F15,"") -> Baixo | E4: Mapear e redistribuir tarefas sobrecarregadas | F4: Reunião de diagnóstico de carga por função → planilha de redistribuição → revisão mensal | G4: Gestão Imediata + RH | H4: 30 dias | I4: % tarefas redistribuídas | J4: Pendente
A5: ='📊 Risco por Setor'!$A$5 -> Operacional | B5: ='📊 Risco por Setor'!B15 -> Exigência Laboral | C5: =IFERROR('📊 Risco por Setor'!E15,"") -> 0 | D5: =IFERROR('📊 Risco por Setor'!F15,"") -> Baixo | E5: Implantar controle de jornada e limitar horas extras | F5: Registro eletrônico de ponto → alerta de banco de horas → política formal de horas extras | G5: RH + Gestão | H5: 30 dias | I5: Média de HE/colaborador/mês | J5: Pendente
A6: ='📊 Risco por Setor'!$A$5 -> Operacional | B6: ='📊 Risco por Setor'!B15 -> Exigência Laboral | C6: =IFERROR('📊 Risco por Setor'!E15,"") -> 0 | D6: =IFERROR('📊 Risco por Setor'!F15,"") -> Baixo | E6: Criar rotina semanal de priorização de demandas | F6: Reunião de 30 min toda segunda-feira → quadro de prioridades → follow-up sexta | G6: Gestão Imediata | H6: 15 dias | I6: % tarefas concluídas no prazo | J6: Pendente
A7: ='📊 Risco por Setor'!$A$5 -> Operacional | B7: ='📊 Risco por Setor'!B16 -> Organização do Trabalho | C7: =IFERROR('📊 Risco por Setor'!E16,"") -> 0 | D7: =IFERROR('📊 Risco por Setor'!F16,"") -> Baixo | E7: Elaborar descritivos de cargo para todas as funções | F7: Levantamento com gestores → rascunho IntegraPsi → validação e entrega → revisão semestral | G7: RH + IntegraPsi | H7: 60 dias | I7: % cargos com descrição formalizada | J7: Pendente
A8: ='📊 Risco por Setor'!$A$5 -> Operacional | B8: ='📊 Risco por Setor'!B16 -> Organização do Trabalho | C8: =IFERROR('📊 Risco por Setor'!E16,"") -> 0 | D8: =IFERROR('📊 Risco por Setor'!F16,"") -> Baixo | E8: Criar rotina de comunicação de decisões estratégicas | F8: Reunião mensal com time → pauta documentada → registro em ata acessível a todos | G8: Diretoria + Gestão | H8: 30 dias | I8: % metas comunicadas vs realizadas | J8: Pendente
A9: ='📊 Risco por Setor'!$A$5 -> Operacional | B9: ='📊 Risco por Setor'!B16 -> Organização do Trabalho | C9: =IFERROR('📊 Risco por Setor'!E16,"") -> 0 | D9: =IFERROR('📊 Risco por Setor'!F16,"") -> Baixo | E9: Implantar processo de onboarding estruturado | F9: Checklist de integração → kit de boas-vindas → 30 dias de acompanhamento → avaliação final | G9: RH + IntegraPsi | H9: 45 dias | I9: Taxa de permanência após 90 dias | J9: Pendente
A10: ='📊 Risco por Setor'!$A$5 -> Operacional | B10: ='📊 Risco por Setor'!B17 -> Relações Sociais e Liderança | C10: =IFERROR('📊 Risco por Setor'!E17,"") -> 0 | D10: =IFERROR('📊 Risco por Setor'!F17,"") -> Baixo | E10: Capacitar líderes em comunicação assertiva e humanizada | F10: Diagnóstico de perfil de liderança → 2 módulos de treinamento (4h cada) → acompanhamento 60d | G10: IntegraPsi + RH | H10: 45 dias | I10: eNPS de liderança pré x pós | J10: Pendente
A11: ='📊 Risco por Setor'!$A$5 -> Operacional | B11: ='📊 Risco por Setor'!B17 -> Relações Sociais e Liderança | C11: =IFERROR('📊 Risco por Setor'!E17,"") -> 0 | D11: =IFERROR('📊 Risco por Setor'!F17,"") -> Baixo | E11: Implantar programa de reconhecimento de desempenho | F11: Definir critérios → criar ritual mensal de reconhecimento → comunicar internamente | G11: RH + Gestão | H11: 30 dias | I11: % colaboradores reconhecidos/mês | J11: Pendente
A12: ='📊 Risco por Setor'!$A$5 -> Operacional | B12: ='📊 Risco por Setor'!B17 -> Relações Sociais e Liderança | C12: =IFERROR('📊 Risco por Setor'!E17,"") -> 0 | D12: =IFERROR('📊 Risco por Setor'!F17,"") -> Baixo | E12: Criar canal de escuta ativa líder-colaborador (1-on-1) | F12: Agenda quinzenal de 20 min líder-colaborador → registro de temas → follow-up de ações | G12: Gestão Imediata | H12: 15 dias | I12: % 1-on-1 realizados vs planejados | J12: Pendente
A13: ='📊 Risco por Setor'!$A$5 -> Operacional | B13: ='📊 Risco por Setor'!B18 -> Personalidade / Valores | C13: =IFERROR('📊 Risco por Setor'!E18,"") -> 0 | D13: =IFERROR('📊 Risco por Setor'!F18,"") -> Baixo | E13: Promover workshop de cultura e valores organizacionais | F13: Facilitação IntegraPsi (4h) → construção coletiva de valores → publicação em mural e digital | G13: IntegraPsi + RH | H13: 45 dias | I13: % colaboradores participantes | J13: Pendente
A14: ='📊 Risco por Setor'!$A$5 -> Operacional | B14: ='📊 Risco por Setor'!B18 -> Personalidade / Valores | C14: =IFERROR('📊 Risco por Setor'!E18,"") -> 0 | D14: =IFERROR('📊 Risco por Setor'!F18,"") -> Baixo | E14: Criar protocolo formal de resolução de conflitos | F14: Definir fluxo de mediação → designar responsável → registrar e monitorar ocorrências | G14: RH + IntegraPsi | H14: 30 dias | I14: Nº conflitos registrados e mediados | J14: Pendente
A15: ='📊 Risco por Setor'!$A$5 -> Operacional | B15: ='📊 Risco por Setor'!B18 -> Personalidade / Valores | C15: =IFERROR('📊 Risco por Setor'!E18,"") -> 0 | D15: =IFERROR('📊 Risco por Setor'!F18,"") -> Baixo | E15: Implantar política de equidade na distribuição de tarefas | F15: Mapeamento de carga por colaborador → redistribuição → revisão trimestral com time | G15: Gestão Imediata + RH | H15: 30 dias | I15: Índice de percepção de equidade (pesquisa) | J15: Pendente
A16: ='📊 Risco por Setor'!$A$5 -> Operacional | B16: ='📊 Risco por Setor'!B19 -> Interface Indivíduo-Trabalho | C16: =IFERROR('📊 Risco por Setor'!E19,"") -> 0 | D16: =IFERROR('📊 Risco por Setor'!F19,"") -> Baixo | E16: Realizar entrevistas de alinhamento de expectativas e carreira | F16: Entrevista individual (IntegraPsi) com cada colaborador → relatório de expectativas → PDI | G16: IntegraPsi + RH | H16: 60 dias | I16: % PDIs elaborados | J16: Pendente
A17: ='📊 Risco por Setor'!$A$5 -> Operacional | B17: ='📊 Risco por Setor'!B19 -> Interface Indivíduo-Trabalho | C17: =IFERROR('📊 Risco por Setor'!E19,"") -> 0 | D17: =IFERROR('📊 Risco por Setor'!F19,"") -> Baixo | E17: Fortalecer comunicação sobre estabilidade e perspectivas na empresa | F17: Comunicado formal da diretoria → reunião de time → painel de resultados visível a todos | G17: Diretoria + RH | H17: 15 dias | I17: Índice de segurança percebida (pós pesquisa) | J17: Pendente
A18: ='📊 Risco por Setor'!$A$5 -> Operacional | B18: ='📊 Risco por Setor'!B19 -> Interface Indivíduo-Trabalho | C18: =IFERROR('📊 Risco por Setor'!E19,"") -> 0 | D18: =IFERROR('📊 Risco por Setor'!F19,"") -> Baixo | E18: Implantar política de flexibilidade para reduzir conflito trabalho-família | F18: Levantamento de demandas → definição de critérios de flexibilidade → norma interna | G18: RH + Gestão | H18: 45 dias | I18: Taxa de absenteísmo pré x pós | J18: Pendente
A19: ='📊 Risco por Setor'!$A$5 -> Operacional | B19: ='📊 Risco por Setor'!B20 -> Saúde e Bem-Estar | C19: =IFERROR('📊 Risco por Setor'!E20,"") -> 0 | D19: =IFERROR('📊 Risco por Setor'!F20,"") -> Baixo | E19: Implantar programa de saúde mental (Cuidado em Dia – IntegraPsi) | F19: Triagem inicial → atendimentos quinzenais → relatório de monitoramento → revisão trimestral | G19: IntegraPsi + Med. do Trabalho | H19: 30 dias | I19: Taxa de atestados por saúde mental | J19: Pendente
A20: ='📊 Risco por Setor'!$A$5 -> Operacional | B20: ='📊 Risco por Setor'!B20 -> Saúde e Bem-Estar | C20: =IFERROR('📊 Risco por Setor'!E20,"") -> 0 | D20: =IFERROR('📊 Risco por Setor'!F20,"") -> Baixo | E20: Criar rotina de pausas obrigatórias durante a jornada | F20: Definir pausas (10 min a cada 2h) → comunicar → monitorar via gestores imediatos | G20: Gestão Imediata | H20: 15 dias | I20: % jornadas com pausas realizadas | J20: Pendente
A21: ='📊 Risco por Setor'!$A$5 -> Operacional | B21: ='📊 Risco por Setor'!B20 -> Saúde e Bem-Estar | C21: =IFERROR('📊 Risco por Setor'!E20,"") -> 0 | D21: =IFERROR('📊 Risco por Setor'!F20,"") -> Baixo | E21: Realizar palestras de autocuidado e gestão do estresse | F21: Palestra mensal (IntegraPsi, 1h) → material de apoio → canal de dúvidas pós-evento | G21: IntegraPsi | H21: 30 dias | I21: % colaboradores participantes por evento | J21: Pendente
A22: ='📊 Risco por Setor'!$A$5 -> Operacional | B22: ='📊 Risco por Setor'!B21 -> Comportamentos Ofensivos | C22: =IFERROR('📊 Risco por Setor'!E21,"") -> 0 | D22: =IFERROR('📊 Risco por Setor'!F21,"") -> Baixo | E22: Implantar Canal de Denúncia anônimo (IntegraPsi) | F22: Definir canal (QR code + e-mail) → divulgar para todos → SLA de 72h para resposta | G22: RH + IntegraPsi + Jurídico | H22: 15 dias – URGENTE | I22: Nº denúncias registradas e tratadas | J22: Pendente
A23: ='📊 Risco por Setor'!$A$5 -> Operacional | B23: ='📊 Risco por Setor'!B21 -> Comportamentos Ofensivos | C23: =IFERROR('📊 Risco por Setor'!E21,"") -> 0 | D23: =IFERROR('📊 Risco por Setor'!F21,"") -> Baixo | E23: Promover treinamento obrigatório de prevenção de assédio | F23: Treinamento presencial (2h) para todos → lista de presença → avaliação de conhecimento | G23: RH + IntegraPsi | H23: 30 dias – URGENTE | I23: % colaboradores treinados | J23: Pendente
A24: ='📊 Risco por Setor'!$A$5 -> Operacional | B24: ='📊 Risco por Setor'!B21 -> Comportamentos Ofensivos | C24: =IFERROR('📊 Risco por Setor'!E21,"") -> 0 | D24: =IFERROR('📊 Risco por Setor'!F21,"") -> Baixo | E24: Elaborar política formal de conduta e comportamentos inaceitáveis | F24: Política redigida por RH/Jurídico → aprovação diretoria → assinatura de ciência por todos | G24: RH + Jurídico | H24: 30 dias – URGENTE | I24: % assinaturas de ciência coletadas | J24: Pendente
A25: ='📊 Risco por Setor'!$A$6 -> Administrativo / Técnico | B25: ='📊 Risco por Setor'!B22 -> Exigência Laboral | C25: =IFERROR('📊 Risco por Setor'!E22,"") -> 0 | D25: =IFERROR('📊 Risco por Setor'!F22,"") -> Baixo | E25: Mapear e redistribuir tarefas sobrecarregadas | F25: Reunião de diagnóstico de carga por função → planilha de redistribuição → revisão mensal | G25: Gestão Imediata + RH | H25: 30 dias | I25: % tarefas redistribuídas | J25: Pendente
A26: ='📊 Risco por Setor'!$A$6 -> Administrativo / Técnico | B26: ='📊 Risco por Setor'!B22 -> Exigência Laboral | C26: =IFERROR('📊 Risco por Setor'!E22,"") -> 0 | D26: =IFERROR('📊 Risco por Setor'!F22,"") -> Baixo | E26: Implantar controle de jornada e limitar horas extras | F26: Registro eletrônico de ponto → alerta de banco de horas → política formal de horas extras | G26: RH + Gestão | H26: 30 dias | I26: Média de HE/colaborador/mês | J26: Pendente
A27: ='📊 Risco por Setor'!$A$6 -> Administrativo / Técnico | B27: ='📊 Risco por Setor'!B22 -> Exigência Laboral | C27: =IFERROR('📊 Risco por Setor'!E22,"") -> 0 | D27: =IFERROR('📊 Risco por Setor'!F22,"") -> Baixo | E27: Criar rotina semanal de priorização de demandas | F27: Reunião de 30 min toda segunda-feira → quadro de prioridades → follow-up sexta | G27: Gestão Imediata | H27: 15 dias | I27: % tarefas concluídas no prazo | J27: Pendente
A28: ='📊 Risco por Setor'!$A$6 -> Administrativo / Técnico | B28: ='📊 Risco por Setor'!B23 -> Organização do Trabalho | C28: =IFERROR('📊 Risco por Setor'!E23,"") -> 0 | D28: =IFERROR('📊 Risco por Setor'!F23,"") -> Baixo | E28: Elaborar descritivos de cargo para todas as funções | F28: Levantamento com gestores → rascunho IntegraPsi → validação e entrega → revisão semestral | G28: RH + IntegraPsi | H28: 60 dias | I28: % cargos com descrição formalizada | J28: Pendente
A29: ='📊 Risco por Setor'!$A$6 -> Administrativo / Técnico | B29: ='📊 Risco por Setor'!B23 -> Organização do Trabalho | C29: =IFERROR('📊 Risco por Setor'!E23,"") -> 0 | D29: =IFERROR('📊 Risco por Setor'!F23,"") -> Baixo | E29: Criar rotina de comunicação de decisões estratégicas | F29: Reunião mensal com time → pauta documentada → registro em ata acessível a todos | G29: Diretoria + Gestão | H29: 30 dias | I29: % metas comunicadas vs realizadas | J29: Pendente
A30: ='📊 Risco por Setor'!$A$6 -> Administrativo / Técnico | B30: ='📊 Risco por Setor'!B23 -> Organização do Trabalho | C30: =IFERROR('📊 Risco por Setor'!E23,"") -> 0 | D30: =IFERROR('📊 Risco por Setor'!F23,"") -> Baixo | E30: Implantar processo de onboarding estruturado | F30: Checklist de integração → kit de boas-vindas → 30 dias de acompanhamento → avaliação final | G30: RH + IntegraPsi | H30: 45 dias | I30: Taxa de permanência após 90 dias | J30: Pendente
A31: ='📊 Risco por Setor'!$A$6 -> Administrativo / Técnico | B31: ='📊 Risco por Setor'!B24 -> Relações Sociais e Liderança | C31: =IFERROR('📊 Risco por Setor'!E24,"") -> 0 | D31: =IFERROR('📊 Risco por Setor'!F24,"") -> Baixo | E31: Capacitar líderes em comunicação assertiva e humanizada | F31: Diagnóstico de perfil de liderança → 2 módulos de treinamento (4h cada) → acompanhamento 60d | G31: IntegraPsi + RH | H31: 45 dias | I31: eNPS de liderança pré x pós | J31: Pendente
A32: ='📊 Risco por Setor'!$A$6 -> Administrativo / Técnico | B32: ='📊 Risco por Setor'!B24 -> Relações Sociais e Liderança | C32: =IFERROR('📊 Risco por Setor'!E24,"") -> 0 | D32: =IFERROR('📊 Risco por Setor'!F24,"") -> Baixo | E32: Implantar programa de reconhecimento de desempenho | F32: Definir critérios → criar ritual mensal de reconhecimento → comunicar internamente | G32: RH + Gestão | H32: 30 dias | I32: % colaboradores reconhecidos/mês | J32: Pendente
A33: ='📊 Risco por Setor'!$A$6 -> Administrativo / Técnico | B33: ='📊 Risco por Setor'!B24 -> Relações Sociais e Liderança | C33: =IFERROR('📊 Risco por Setor'!E24,"") -> 0 | D33: =IFERROR('📊 Risco por Setor'!F24,"") -> Baixo | E33: Criar canal de escuta ativa líder-colaborador (1-on-1) | F33: Agenda quinzenal de 20 min líder-colaborador → registro de temas → follow-up de ações | G33: Gestão Imediata | H33: 15 dias | I33: % 1-on-1 realizados vs planejados | J33: Pendente
A34: ='📊 Risco por Setor'!$A$6 -> Administrativo / Técnico | B34: ='📊 Risco por Setor'!B25 -> Personalidade / Valores | C34: =IFERROR('📊 Risco por Setor'!E25,"") -> 0 | D34: =IFERROR('📊 Risco por Setor'!F25,"") -> Baixo | E34: Promover workshop de cultura e valores organizacionais | F34: Facilitação IntegraPsi (4h) → construção coletiva de valores → publicação em mural e digital | G34: IntegraPsi + RH | H34: 45 dias | I34: % colaboradores participantes | J34: Pendente
A35: ='📊 Risco por Setor'!$A$6 -> Administrativo / Técnico | B35: ='📊 Risco por Setor'!B25 -> Personalidade / Valores | C35: =IFERROR('📊 Risco por Setor'!E25,"") -> 0 | D35: =IFERROR('📊 Risco por Setor'!F25,"") -> Baixo | E35: Criar protocolo formal de resolução de conflitos | F35: Definir fluxo de mediação → designar responsável → registrar e monitorar ocorrências | G35: RH + IntegraPsi | H35: 30 dias | I35: Nº conflitos registrados e mediados | J35: Pendente
A36: ='📊 Risco por Setor'!$A$6 -> Administrativo / Técnico | B36: ='📊 Risco por Setor'!B25 -> Personalidade / Valores | C36: =IFERROR('📊 Risco por Setor'!E25,"") -> 0 | D36: =IFERROR('📊 Risco por Setor'!F25,"") -> Baixo | E36: Implantar política de equidade na distribuição de tarefas | F36: Mapeamento de carga por colaborador → redistribuição → revisão trimestral com time | G36: Gestão Imediata + RH | H36: 30 dias | I36: Índice de percepção de equidade (pesquisa) | J36: Pendente
A37: ='📊 Risco por Setor'!$A$6 -> Administrativo / Técnico | B37: ='📊 Risco por Setor'!B26 -> Interface Indivíduo-Trabalho | C37: =IFERROR('📊 Risco por Setor'!E26,"") -> 0 | D37: =IFERROR('📊 Risco por Setor'!F26,"") -> Baixo | E37: Realizar entrevistas de alinhamento de expectativas e carreira | F37: Entrevista individual (IntegraPsi) com cada colaborador → relatório de expectativas → PDI | G37: IntegraPsi + RH | H37: 60 dias | I37: % PDIs elaborados | J37: Pendente
A38: ='📊 Risco por Setor'!$A$6 -> Administrativo / Técnico | B38: ='📊 Risco por Setor'!B26 -> Interface Indivíduo-Trabalho | C38: =IFERROR('📊 Risco por Setor'!E26,"") -> 0 | D38: =IFERROR('📊 Risco por Setor'!F26,"") -> Baixo | E38: Fortalecer comunicação sobre estabilidade e perspectivas na empresa | F38: Comunicado formal da diretoria → reunião de time → painel de resultados visível a todos | G38: Diretoria + RH | H38: 15 dias | I38: Índice de segurança percebida (pós pesquisa) | J38: Pendente
A39: ='📊 Risco por Setor'!$A$6 -> Administrativo / Técnico | B39: ='📊 Risco por Setor'!B26 -> Interface Indivíduo-Trabalho | C39: =IFERROR('📊 Risco por Setor'!E26,"") -> 0 | D39: =IFERROR('📊 Risco por Setor'!F26,"") -> Baixo | E39: Implantar política de flexibilidade para reduzir conflito trabalho-família | F39: Levantamento de demandas → definição de critérios de flexibilidade → norma interna | G39: RH + Gestão | H39: 45 dias | I39: Taxa de absenteísmo pré x pós | J39: Pendente
A40: ='📊 Risco por Setor'!$A$6 -> Administrativo / Técnico | B40: ='📊 Risco por Setor'!B27 -> Saúde e Bem-Estar | C40: =IFERROR('📊 Risco por Setor'!E27,"") -> 0 | D40: =IFERROR('📊 Risco por Setor'!F27,"") -> Baixo | E40: Implantar programa de saúde mental (Cuidado em Dia – IntegraPsi) | F40: Triagem inicial → atendimentos quinzenais → relatório de monitoramento → revisão trimestral | G40: IntegraPsi + Med. do Trabalho | H40: 30 dias | I40: Taxa de atestados por saúde mental | J40: Pendente
A41: ='📊 Risco por Setor'!$A$6 -> Administrativo / Técnico | B41: ='📊 Risco por Setor'!B27 -> Saúde e Bem-Estar | C41: =IFERROR('📊 Risco por Setor'!E27,"") -> 0 | D41: =IFERROR('📊 Risco por Setor'!F27,"") -> Baixo | E41: Criar rotina de pausas obrigatórias durante a jornada | F41: Definir pausas (10 min a cada 2h) → comunicar → monitorar via gestores imediatos | G41: Gestão Imediata | H41: 15 dias | I41: % jornadas com pausas realizadas | J41: Pendente
A42: ='📊 Risco por Setor'!$A$6 -> Administrativo / Técnico | B42: ='📊 Risco por Setor'!B27 -> Saúde e Bem-Estar | C42: =IFERROR('📊 Risco por Setor'!E27,"") -> 0 | D42: =IFERROR('📊 Risco por Setor'!F27,"") -> Baixo | E42: Realizar palestras de autocuidado e gestão do estresse | F42: Palestra mensal (IntegraPsi, 1h) → material de apoio → canal de dúvidas pós-evento | G42: IntegraPsi | H42: 30 dias | I42: % colaboradores participantes por evento | J42: Pendente
A43: ='📊 Risco por Setor'!$A$6 -> Administrativo / Técnico | B43: ='📊 Risco por Setor'!B28 -> Comportamentos Ofensivos | C43: =IFERROR('📊 Risco por Setor'!E28,"") -> 0 | D43: =IFERROR('📊 Risco por Setor'!F28,"") -> Baixo | E43: Implantar Canal de Denúncia anônimo (IntegraPsi) | F43: Definir canal (QR code + e-mail) → divulgar para todos → SLA de 72h para resposta | G43: RH + IntegraPsi + Jurídico | H43: 15 dias – URGENTE | I43: Nº denúncias registradas e tratadas | J43: Pendente
A44: ='📊 Risco por Setor'!$A$6 -> Administrativo / Técnico | B44: ='📊 Risco por Setor'!B28 -> Comportamentos Ofensivos | C44: =IFERROR('📊 Risco por Setor'!E28,"") -> 0 | D44: =IFERROR('📊 Risco por Setor'!F28,"") -> Baixo | E44: Promover treinamento obrigatório de prevenção de assédio | F44: Treinamento presencial (2h) para todos → lista de presença → avaliação de conhecimento | G44: RH + IntegraPsi | H44: 30 dias – URGENTE | I44: % colaboradores treinados | J44: Pendente
A45: ='📊 Risco por Setor'!$A$6 -> Administrativo / Técnico | B45: ='📊 Risco por Setor'!B28 -> Comportamentos Ofensivos | C45: =IFERROR('📊 Risco por Setor'!E28,"") -> 0 | D45: =IFERROR('📊 Risco por Setor'!F28,"") -> Baixo | E45: Elaborar política formal de conduta e comportamentos inaceitáveis | F45: Política redigida por RH/Jurídico → aprovação diretoria → assinatura de ciência por todos | G45: RH + Jurídico | H45: 30 dias – URGENTE | I45: % assinaturas de ciência coletadas | J45: Pendente
A46: ='📊 Risco por Setor'!$A$7 -> 0 | B46: ='📊 Risco por Setor'!B29 -> Exigência Laboral | C46: =IFERROR('📊 Risco por Setor'!E29,"") -> 0 | D46: =IFERROR('📊 Risco por Setor'!F29,"") -> Baixo | E46: Mapear e redistribuir tarefas sobrecarregadas | F46: Reunião de diagnóstico de carga por função → planilha de redistribuição → revisão mensal | G46: Gestão Imediata + RH | H46: 30 dias | I46: % tarefas redistribuídas | J46: Pendente
A47: ='📊 Risco por Setor'!$A$7 -> 0 | B47: ='📊 Risco por Setor'!B29 -> Exigência Laboral | C47: =IFERROR('📊 Risco por Setor'!E29,"") -> 0 | D47: =IFERROR('📊 Risco por Setor'!F29,"") -> Baixo | E47: Implantar controle de jornada e limitar horas extras | F47: Registro eletrônico de ponto → alerta de banco de horas → política formal de horas extras | G47: RH + Gestão | H47: 30 dias | I47: Média de HE/colaborador/mês | J47: Pendente
A48: ='📊 Risco por Setor'!$A$7 -> 0 | B48: ='📊 Risco por Setor'!B29 -> Exigência Laboral | C48: =IFERROR('📊 Risco por Setor'!E29,"") -> 0 | D48: =IFERROR('📊 Risco por Setor'!F29,"") -> Baixo | E48: Criar rotina semanal de priorização de demandas | F48: Reunião de 30 min toda segunda-feira → quadro de prioridades → follow-up sexta | G48: Gestão Imediata | H48: 15 dias | I48: % tarefas concluídas no prazo | J48: Pendente
A49: ='📊 Risco por Setor'!$A$7 -> 0 | B49: ='📊 Risco por Setor'!B30 -> Organização do Trabalho | C49: =IFERROR('📊 Risco por Setor'!E30,"") -> 0 | D49: =IFERROR('📊 Risco por Setor'!F30,"") -> Baixo | E49: Elaborar descritivos de cargo para todas as funções | F49: Levantamento com gestores → rascunho IntegraPsi → validação e entrega → revisão semestral | G49: RH + IntegraPsi | H49: 60 dias | I49: % cargos com descrição formalizada | J49: Pendente
A50: ='📊 Risco por Setor'!$A$7 -> 0 | B50: ='📊 Risco por Setor'!B30 -> Organização do Trabalho | C50: =IFERROR('📊 Risco por Setor'!E30,"") -> 0 | D50: =IFERROR('📊 Risco por Setor'!F30,"") -> Baixo | E50: Criar rotina de comunicação de decisões estratégicas | F50: Reunião mensal com time → pauta documentada → registro em ata acessível a todos | G50: Diretoria + Gestão | H50: 30 dias | I50: % metas comunicadas vs realizadas | J50: Pendente
A51: ='📊 Risco por Setor'!$A$7 -> 0 | B51: ='📊 Risco por Setor'!B30 -> Organização do Trabalho | C51: =IFERROR('📊 Risco por Setor'!E30,"") -> 0 | D51: =IFERROR('📊 Risco por Setor'!F30,"") -> Baixo | E51: Implantar processo de onboarding estruturado | F51: Checklist de integração → kit de boas-vindas → 30 dias de acompanhamento → avaliação final | G51: RH + IntegraPsi | H51: 45 dias | I51: Taxa de permanência após 90 dias | J51: Pendente
A52: ='📊 Risco por Setor'!$A$7 -> 0 | B52: ='📊 Risco por Setor'!B31 -> Relações Sociais e Liderança | C52: =IFERROR('📊 Risco por Setor'!E31,"") -> 0 | D52: =IFERROR('📊 Risco por Setor'!F31,"") -> Baixo | E52: Capacitar líderes em comunicação assertiva e humanizada | F52: Diagnóstico de perfil de liderança → 2 módulos de treinamento (4h cada) → acompanhamento 60d | G52: IntegraPsi + RH | H52: 45 dias | I52: eNPS de liderança pré x pós | J52: Pendente
A53: ='📊 Risco por Setor'!$A$7 -> 0 | B53: ='📊 Risco por Setor'!B31 -> Relações Sociais e Liderança | C53: =IFERROR('📊 Risco por Setor'!E31,"") -> 0 | D53: =IFERROR('📊 Risco por Setor'!F31,"") -> Baixo | E53: Implantar programa de reconhecimento de desempenho | F53: Definir critérios → criar ritual mensal de reconhecimento → comunicar internamente | G53: RH + Gestão | H53: 30 dias | I53: % colaboradores reconhecidos/mês | J53: Pendente
A54: ='📊 Risco por Setor'!$A$7 -> 0 | B54: ='📊 Risco por Setor'!B31 -> Relações Sociais e Liderança | C54: =IFERROR('📊 Risco por Setor'!E31,"") -> 0 | D54: =IFERROR('📊 Risco por Setor'!F31,"") -> Baixo | E54: Criar canal de escuta ativa líder-colaborador (1-on-1) | F54: Agenda quinzenal de 20 min líder-colaborador → registro de temas → follow-up de ações | G54: Gestão Imediata | H54: 15 dias | I54: % 1-on-1 realizados vs planejados | J54: Pendente
A55: ='📊 Risco por Setor'!$A$7 -> 0 | B55: ='📊 Risco por Setor'!B32 -> Personalidade / Valores | C55: =IFERROR('📊 Risco por Setor'!E32,"") -> 0 | D55: =IFERROR('📊 Risco por Setor'!F32,"") -> Baixo | E55: Promover workshop de cultura e valores organizacionais | F55: Facilitação IntegraPsi (4h) → construção coletiva de valores → publicação em mural e digital | G55: IntegraPsi + RH | H55: 45 dias | I55: % colaboradores participantes | J55: Pendente
A56: ='📊 Risco por Setor'!$A$7 -> 0 | B56: ='📊 Risco por Setor'!B32 -> Personalidade / Valores | C56: =IFERROR('📊 Risco por Setor'!E32,"") -> 0 | D56: =IFERROR('📊 Risco por Setor'!F32,"") -> Baixo | E56: Criar protocolo formal de resolução de conflitos | F56: Definir fluxo de mediação → designar responsável → registrar e monitorar ocorrências | G56: RH + IntegraPsi | H56: 30 dias | I56: Nº conflitos registrados e mediados | J56: Pendente
A57: ='📊 Risco por Setor'!$A$7 -> 0 | B57: ='📊 Risco por Setor'!B32 -> Personalidade / Valores | C57: =IFERROR('📊 Risco por Setor'!E32,"") -> 0 | D57: =IFERROR('📊 Risco por Setor'!F32,"") -> Baixo | E57: Implantar política de equidade na distribuição de tarefas | F57: Mapeamento de carga por colaborador → redistribuição → revisão trimestral com time | G57: Gestão Imediata + RH | H57: 30 dias | I57: Índice de percepção de equidade (pesquisa) | J57: Pendente
A58: ='📊 Risco por Setor'!$A$7 -> 0 | B58: ='📊 Risco por Setor'!B33 -> Interface Indivíduo-Trabalho | C58: =IFERROR('📊 Risco por Setor'!E33,"") -> 0 | D58: =IFERROR('📊 Risco por Setor'!F33,"") -> Baixo | E58: Realizar entrevistas de alinhamento de expectativas e carreira | F58: Entrevista individual (IntegraPsi) com cada colaborador → relatório de expectativas → PDI | G58: IntegraPsi + RH | H58: 60 dias | I58: % PDIs elaborados | J58: Pendente
A59: ='📊 Risco por Setor'!$A$7 -> 0 | B59: ='📊 Risco por Setor'!B33 -> Interface Indivíduo-Trabalho | C59: =IFERROR('📊 Risco por Setor'!E33,"") -> 0 | D59: =IFERROR('📊 Risco por Setor'!F33,"") -> Baixo | E59: Fortalecer comunicação sobre estabilidade e perspectivas na empresa | F59: Comunicado formal da diretoria → reunião de time → painel de resultados visível a todos | G59: Diretoria + RH | H59: 15 dias | I59: Índice de segurança percebida (pós pesquisa) | J59: Pendente
A60: ='📊 Risco por Setor'!$A$7 -> 0 | B60: ='📊 Risco por Setor'!B33 -> Interface Indivíduo-Trabalho | C60: =IFERROR('📊 Risco por Setor'!E33,"") -> 0 | D60: =IFERROR('📊 Risco por Setor'!F33,"") -> Baixo | E60: Implantar política de flexibilidade para reduzir conflito trabalho-família | F60: Levantamento de demandas → definição de critérios de flexibilidade → norma interna | G60: RH + Gestão | H60: 45 dias | I60: Taxa de absenteísmo pré x pós | J60: Pendente
A61: ='📊 Risco por Setor'!$A$7 -> 0 | B61: ='📊 Risco por Setor'!B34 -> Saúde e Bem-Estar | C61: =IFERROR('📊 Risco por Setor'!E34,"") -> 0 | D61: =IFERROR('📊 Risco por Setor'!F34,"") -> Baixo | E61: Implantar programa de saúde mental (Cuidado em Dia – IntegraPsi) | F61: Triagem inicial → atendimentos quinzenais → relatório de monitoramento → revisão trimestral | G61: IntegraPsi + Med. do Trabalho | H61: 30 dias | I61: Taxa de atestados por saúde mental | J61: Pendente
A62: ='📊 Risco por Setor'!$A$7 -> 0 | B62: ='📊 Risco por Setor'!B34 -> Saúde e Bem-Estar | C62: =IFERROR('📊 Risco por Setor'!E34,"") -> 0 | D62: =IFERROR('📊 Risco por Setor'!F34,"") -> Baixo | E62: Criar rotina de pausas obrigatórias durante a jornada | F62: Definir pausas (10 min a cada 2h) → comunicar → monitorar via gestores imediatos | G62: Gestão Imediata | H62: 15 dias | I62: % jornadas com pausas realizadas | J62: Pendente
A63: ='📊 Risco por Setor'!$A$7 -> 0 | B63: ='📊 Risco por Setor'!B34 -> Saúde e Bem-Estar | C63: =IFERROR('📊 Risco por Setor'!E34,"") -> 0 | D63: =IFERROR('📊 Risco por Setor'!F34,"") -> Baixo | E63: Realizar palestras de autocuidado e gestão do estresse | F63: Palestra mensal (IntegraPsi, 1h) → material de apoio → canal de dúvidas pós-evento | G63: IntegraPsi | H63: 30 dias | I63: % colaboradores participantes por evento | J63: Pendente
A64: ='📊 Risco por Setor'!$A$7 -> 0 | B64: ='📊 Risco por Setor'!B35 -> Comportamentos Ofensivos | C64: =IFERROR('📊 Risco por Setor'!E35,"") -> 0 | D64: =IFERROR('📊 Risco por Setor'!F35,"") -> Baixo | E64: Implantar Canal de Denúncia anônimo (IntegraPsi) | F64: Definir canal (QR code + e-mail) → divulgar para todos → SLA de 72h para resposta | G64: RH + IntegraPsi + Jurídico | H64: 15 dias – URGENTE | I64: Nº denúncias registradas e tratadas | J64: Pendente
A65: ='📊 Risco por Setor'!$A$7 -> 0 | B65: ='📊 Risco por Setor'!B35 -> Comportamentos Ofensivos | C65: =IFERROR('📊 Risco por Setor'!E35,"") -> 0 | D65: =IFERROR('📊 Risco por Setor'!F35,"") -> Baixo | E65: Promover treinamento obrigatório de prevenção de assédio | F65: Treinamento presencial (2h) para todos → lista de presença → avaliação de conhecimento | G65: RH + IntegraPsi | H65: 30 dias – URGENTE | I65: % colaboradores treinados | J65: Pendente
A66: ='📊 Risco por Setor'!$A$7 -> 0 | B66: ='📊 Risco por Setor'!B35 -> Comportamentos Ofensivos | C66: =IFERROR('📊 Risco por Setor'!E35,"") -> 0 | D66: =IFERROR('📊 Risco por Setor'!F35,"") -> Baixo | E66: Elaborar política formal de conduta e comportamentos inaceitáveis | F66: Política redigida por RH/Jurídico → aprovação diretoria → assinatura de ciência por todos | G66: RH + Jurídico | H66: 30 dias – URGENTE | I66: % assinaturas de ciência coletadas | J66: Pendente
A67: ='📊 Risco por Setor'!$A$8 -> 0 | B67: ='📊 Risco por Setor'!B36 -> Exigência Laboral | C67: =IFERROR('📊 Risco por Setor'!E36,"") -> 0 | D67: =IFERROR('📊 Risco por Setor'!F36,"") -> Baixo | E67: Mapear e redistribuir tarefas sobrecarregadas | F67: Reunião de diagnóstico de carga por função → planilha de redistribuição → revisão mensal | G67: Gestão Imediata + RH | H67: 30 dias | I67: % tarefas redistribuídas | J67: Pendente
A68: ='📊 Risco por Setor'!$A$8 -> 0 | B68: ='📊 Risco por Setor'!B36 -> Exigência Laboral | C68: =IFERROR('📊 Risco por Setor'!E36,"") -> 0 | D68: =IFERROR('📊 Risco por Setor'!F36,"") -> Baixo | E68: Implantar controle de jornada e limitar horas extras | F68: Registro eletrônico de ponto → alerta de banco de horas → política formal de horas extras | G68: RH + Gestão | H68: 30 dias | I68: Média de HE/colaborador/mês | J68: Pendente
A69: ='📊 Risco por Setor'!$A$8 -> 0 | B69: ='📊 Risco por Setor'!B36 -> Exigência Laboral | C69: =IFERROR('📊 Risco por Setor'!E36,"") -> 0 | D69: =IFERROR('📊 Risco por Setor'!F36,"") -> Baixo | E69: Criar rotina semanal de priorização de demandas | F69: Reunião de 30 min toda segunda-feira → quadro de prioridades → follow-up sexta | G69: Gestão Imediata | H69: 15 dias | I69: % tarefas concluídas no prazo | J69: Pendente
A70: ='📊 Risco por Setor'!$A$8 -> 0 | B70: ='📊 Risco por Setor'!B37 -> Organização do Trabalho | C70: =IFERROR('📊 Risco por Setor'!E37,"") -> 0 | D70: =IFERROR('📊 Risco por Setor'!F37,"") -> Baixo | E70: Elaborar descritivos de cargo para todas as funções | F70: Levantamento com gestores → rascunho IntegraPsi → validação e entrega → revisão semestral | G70: RH + IntegraPsi | H70: 60 dias | I70: % cargos com descrição formalizada | J70: Pendente
A71: ='📊 Risco por Setor'!$A$8 -> 0 | B71: ='📊 Risco por Setor'!B37 -> Organização do Trabalho | C71: =IFERROR('📊 Risco por Setor'!E37,"") -> 0 | D71: =IFERROR('📊 Risco por Setor'!F37,"") -> Baixo | E71: Criar rotina de comunicação de decisões estratégicas | F71: Reunião mensal com time → pauta documentada → registro em ata acessível a todos | G71: Diretoria + Gestão | H71: 30 dias | I71: % metas comunicadas vs realizadas | J71: Pendente
A72: ='📊 Risco por Setor'!$A$8 -> 0 | B72: ='📊 Risco por Setor'!B37 -> Organização do Trabalho | C72: =IFERROR('📊 Risco por Setor'!E37,"") -> 0 | D72: =IFERROR('📊 Risco por Setor'!F37,"") -> Baixo | E72: Implantar processo de onboarding estruturado | F72: Checklist de integração → kit de boas-vindas → 30 dias de acompanhamento → avaliação final | G72: RH + IntegraPsi | H72: 45 dias | I72: Taxa de permanência após 90 dias | J72: Pendente
A73: ='📊 Risco por Setor'!$A$8 -> 0 | B73: ='📊 Risco por Setor'!B38 -> Relações Sociais e Liderança | C73: =IFERROR('📊 Risco por Setor'!E38,"") -> 0 | D73: =IFERROR('📊 Risco por Setor'!F38,"") -> Baixo | E73: Capacitar líderes em comunicação assertiva e humanizada | F73: Diagnóstico de perfil de liderança → 2 módulos de treinamento (4h cada) → acompanhamento 60d | G73: IntegraPsi + RH | H73: 45 dias | I73: eNPS de liderança pré x pós | J73: Pendente
A74: ='📊 Risco por Setor'!$A$8 -> 0 | B74: ='📊 Risco por Setor'!B38 -> Relações Sociais e Liderança | C74: =IFERROR('📊 Risco por Setor'!E38,"") -> 0 | D74: =IFERROR('📊 Risco por Setor'!F38,"") -> Baixo | E74: Implantar programa de reconhecimento de desempenho | F74: Definir critérios → criar ritual mensal de reconhecimento → comunicar internamente | G74: RH + Gestão | H74: 30 dias | I74: % colaboradores reconhecidos/mês | J74: Pendente
A75: ='📊 Risco por Setor'!$A$8 -> 0 | B75: ='📊 Risco por Setor'!B38 -> Relações Sociais e Liderança | C75: =IFERROR('📊 Risco por Setor'!E38,"") -> 0 | D75: =IFERROR('📊 Risco por Setor'!F38,"") -> Baixo | E75: Criar canal de escuta ativa líder-colaborador (1-on-1) | F75: Agenda quinzenal de 20 min líder-colaborador → registro de temas → follow-up de ações | G75: Gestão Imediata | H75: 15 dias | I75: % 1-on-1 realizados vs planejados | J75: Pendente
A76: ='📊 Risco por Setor'!$A$8 -> 0 | B76: ='📊 Risco por Setor'!B39 -> Personalidade / Valores | C76: =IFERROR('📊 Risco por Setor'!E39,"") -> 0 | D76: =IFERROR('📊 Risco por Setor'!F39,"") -> Baixo | E76: Promover workshop de cultura e valores organizacionais | F76: Facilitação IntegraPsi (4h) → construção coletiva de valores → publicação em mural e digital | G76: IntegraPsi + RH | H76: 45 dias | I76: % colaboradores participantes | J76: Pendente
A77: ='📊 Risco por Setor'!$A$8 -> 0 | B77: ='📊 Risco por Setor'!B39 -> Personalidade / Valores | C77: =IFERROR('📊 Risco por Setor'!E39,"") -> 0 | D77: =IFERROR('📊 Risco por Setor'!F39,"") -> Baixo | E77: Criar protocolo formal de resolução de conflitos | F77: Definir fluxo de mediação → designar responsável → registrar e monitorar ocorrências | G77: RH + IntegraPsi | H77: 30 dias | I77: Nº conflitos registrados e mediados | J77: Pendente
A78: ='📊 Risco por Setor'!$A$8 -> 0 | B78: ='📊 Risco por Setor'!B39 -> Personalidade / Valores | C78: =IFERROR('📊 Risco por Setor'!E39,"") -> 0 | D78: =IFERROR('📊 Risco por Setor'!F39,"") -> Baixo | E78: Implantar política de equidade na distribuição de tarefas | F78: Mapeamento de carga por colaborador → redistribuição → revisão trimestral com time | G78: Gestão Imediata + RH | H78: 30 dias | I78: Índice de percepção de equidade (pesquisa) | J78: Pendente
A79: ='📊 Risco por Setor'!$A$8 -> 0 | B79: ='📊 Risco por Setor'!B40 -> Interface Indivíduo-Trabalho | C79: =IFERROR('📊 Risco por Setor'!E40,"") -> 0 | D79: =IFERROR('📊 Risco por Setor'!F40,"") -> Baixo | E79: Realizar entrevistas de alinhamento de expectativas e carreira | F79: Entrevista individual (IntegraPsi) com cada colaborador → relatório de expectativas → PDI | G79: IntegraPsi + RH | H79: 60 dias | I79: % PDIs elaborados | J79: Pendente
A80: ='📊 Risco por Setor'!$A$8 -> 0 | B80: ='📊 Risco por Setor'!B40 -> Interface Indivíduo-Trabalho | C80: =IFERROR('📊 Risco por Setor'!E40,"") -> 0 | D80: =IFERROR('📊 Risco por Setor'!F40,"") -> Baixo | E80: Fortalecer comunicação sobre estabilidade e perspectivas na empresa | F80: Comunicado formal da diretoria → reunião de time → painel de resultados visível a todos | G80: Diretoria + RH | H80: 15 dias | I80: Índice de segurança percebida (pós pesquisa) | J80: Pendente
A81: ='📊 Risco por Setor'!$A$8 -> 0 | B81: ='📊 Risco por Setor'!B40 -> Interface Indivíduo-Trabalho | C81: =IFERROR('📊 Risco por Setor'!E40,"") -> 0 | D81: =IFERROR('📊 Risco por Setor'!F40,"") -> Baixo | E81: Implantar política de flexibilidade para reduzir conflito trabalho-família | F81: Levantamento de demandas → definição de critérios de flexibilidade → norma interna | G81: RH + Gestão | H81: 45 dias | I81: Taxa de absenteísmo pré x pós | J81: Pendente
A82: ='📊 Risco por Setor'!$A$8 -> 0 | B82: ='📊 Risco por Setor'!B41 -> Saúde e Bem-Estar | C82: =IFERROR('📊 Risco por Setor'!E41,"") -> 0 | D82: =IFERROR('📊 Risco por Setor'!F41,"") -> Baixo | E82: Implantar programa de saúde mental (Cuidado em Dia – IntegraPsi) | F82: Triagem inicial → atendimentos quinzenais → relatório de monitoramento → revisão trimestral | G82: IntegraPsi + Med. do Trabalho | H82: 30 dias | I82: Taxa de atestados por saúde mental | J82: Pendente
A83: ='📊 Risco por Setor'!$A$8 -> 0 | B83: ='📊 Risco por Setor'!B41 -> Saúde e Bem-Estar | C83: =IFERROR('📊 Risco por Setor'!E41,"") -> 0 | D83: =IFERROR('📊 Risco por Setor'!F41,"") -> Baixo | E83: Criar rotina de pausas obrigatórias durante a jornada | F83: Definir pausas (10 min a cada 2h) → comunicar → monitorar via gestores imediatos | G83: Gestão Imediata | H83: 15 dias | I83: % jornadas com pausas realizadas | J83: Pendente
A84: ='📊 Risco por Setor'!$A$8 -> 0 | B84: ='📊 Risco por Setor'!B41 -> Saúde e Bem-Estar | C84: =IFERROR('📊 Risco por Setor'!E41,"") -> 0 | D84: =IFERROR('📊 Risco por Setor'!F41,"") -> Baixo | E84: Realizar palestras de autocuidado e gestão do estresse | F84: Palestra mensal (IntegraPsi, 1h) → material de apoio → canal de dúvidas pós-evento | G84: IntegraPsi | H84: 30 dias | I84: % colaboradores participantes por evento | J84: Pendente
A85: ='📊 Risco por Setor'!$A$8 -> 0 | B85: ='📊 Risco por Setor'!B42 -> Comportamentos Ofensivos | C85: =IFERROR('📊 Risco por Setor'!E42,"") -> 0 | D85: =IFERROR('📊 Risco por Setor'!F42,"") -> Baixo | E85: Implantar Canal de Denúncia anônimo (IntegraPsi) | F85: Definir canal (QR code + e-mail) → divulgar para todos → SLA de 72h para resposta | G85: RH + IntegraPsi + Jurídico | H85: 15 dias – URGENTE | I85: Nº denúncias registradas e tratadas | J85: Pendente
A86: ='📊 Risco por Setor'!$A$8 -> 0 | B86: ='📊 Risco por Setor'!B42 -> Comportamentos Ofensivos | C86: =IFERROR('📊 Risco por Setor'!E42,"") -> 0 | D86: =IFERROR('📊 Risco por Setor'!F42,"") -> Baixo | E86: Promover treinamento obrigatório de prevenção de assédio | F86: Treinamento presencial (2h) para todos → lista de presença → avaliação de conhecimento | G86: RH + IntegraPsi | H86: 30 dias – URGENTE | I86: % colaboradores treinados | J86: Pendente
A87: ='📊 Risco por Setor'!$A$8 -> 0 | B87: ='📊 Risco por Setor'!B42 -> Comportamentos Ofensivos | C87: =IFERROR('📊 Risco por Setor'!E42,"") -> 0 | D87: =IFERROR('📊 Risco por Setor'!F42,"") -> Baixo | E87: Elaborar política formal de conduta e comportamentos inaceitáveis | F87: Política redigida por RH/Jurídico → aprovação diretoria → assinatura de ciência por todos | G87: RH + Jurídico | H87: 30 dias – URGENTE | I87: % assinaturas de ciência coletadas | J87: Pendente
A88: ='📊 Risco por Setor'!$A$9 -> 0 | B88: ='📊 Risco por Setor'!B43 -> Exigência Laboral | C88: =IFERROR('📊 Risco por Setor'!E43,"") -> 0 | D88: =IFERROR('📊 Risco por Setor'!F43,"") -> Baixo | E88: Mapear e redistribuir tarefas sobrecarregadas | F88: Reunião de diagnóstico de carga por função → planilha de redistribuição → revisão mensal | G88: Gestão Imediata + RH | H88: 30 dias | I88: % tarefas redistribuídas | J88: Pendente
A89: ='📊 Risco por Setor'!$A$9 -> 0 | B89: ='📊 Risco por Setor'!B43 -> Exigência Laboral | C89: =IFERROR('📊 Risco por Setor'!E43,"") -> 0 | D89: =IFERROR('📊 Risco por Setor'!F43,"") -> Baixo | E89: Implantar controle de jornada e limitar horas extras | F89: Registro eletrônico de ponto → alerta de banco de horas → política formal de horas extras | G89: RH + Gestão | H89: 30 dias | I89: Média de HE/colaborador/mês | J89: Pendente
A90: ='📊 Risco por Setor'!$A$9 -> 0 | B90: ='📊 Risco por Setor'!B43 -> Exigência Laboral | C90: =IFERROR('📊 Risco por Setor'!E43,"") -> 0 | D90: =IFERROR('📊 Risco por Setor'!F43,"") -> Baixo | E90: Criar rotina semanal de priorização de demandas | F90: Reunião de 30 min toda segunda-feira → quadro de prioridades → follow-up sexta | G90: Gestão Imediata | H90: 15 dias | I90: % tarefas concluídas no prazo | J90: Pendente
A91: ='📊 Risco por Setor'!$A$9 -> 0 | B91: ='📊 Risco por Setor'!B44 -> Organização do Trabalho | C91: =IFERROR('📊 Risco por Setor'!E44,"") -> 0 | D91: =IFERROR('📊 Risco por Setor'!F44,"") -> Baixo | E91: Elaborar descritivos de cargo para todas as funções | F91: Levantamento com gestores → rascunho IntegraPsi → validação e entrega → revisão semestral | G91: RH + IntegraPsi | H91: 60 dias | I91: % cargos com descrição formalizada | J91: Pendente
A92: ='📊 Risco por Setor'!$A$9 -> 0 | B92: ='📊 Risco por Setor'!B44 -> Organização do Trabalho | C92: =IFERROR('📊 Risco por Setor'!E44,"") -> 0 | D92: =IFERROR('📊 Risco por Setor'!F44,"") -> Baixo | E92: Criar rotina de comunicação de decisões estratégicas | F92: Reunião mensal com time → pauta documentada → registro em ata acessível a todos | G92: Diretoria + Gestão | H92: 30 dias | I92: % metas comunicadas vs realizadas | J92: Pendente
A93: ='📊 Risco por Setor'!$A$9 -> 0 | B93: ='📊 Risco por Setor'!B44 -> Organização do Trabalho | C93: =IFERROR('📊 Risco por Setor'!E44,"") -> 0 | D93: =IFERROR('📊 Risco por Setor'!F44,"") -> Baixo | E93: Implantar processo de onboarding estruturado | F93: Checklist de integração → kit de boas-vindas → 30 dias de acompanhamento → avaliação final | G93: RH + IntegraPsi | H93: 45 dias | I93: Taxa de permanência após 90 dias | J93: Pendente
A94: ='📊 Risco por Setor'!$A$9 -> 0 | B94: ='📊 Risco por Setor'!B45 -> Relações Sociais e Liderança | C94: =IFERROR('📊 Risco por Setor'!E45,"") -> 0 | D94: =IFERROR('📊 Risco por Setor'!F45,"") -> Baixo | E94: Capacitar líderes em comunicação assertiva e humanizada | F94: Diagnóstico de perfil de liderança → 2 módulos de treinamento (4h cada) → acompanhamento 60d | G94: IntegraPsi + RH | H94: 45 dias | I94: eNPS de liderança pré x pós | J94: Pendente
A95: ='📊 Risco por Setor'!$A$9 -> 0 | B95: ='📊 Risco por Setor'!B45 -> Relações Sociais e Liderança | C95: =IFERROR('📊 Risco por Setor'!E45,"") -> 0 | D95: =IFERROR('📊 Risco por Setor'!F45,"") -> Baixo | E95: Implantar programa de reconhecimento de desempenho | F95: Definir critérios → criar ritual mensal de reconhecimento → comunicar internamente | G95: RH + Gestão | H95: 30 dias | I95: % colaboradores reconhecidos/mês | J95: Pendente
A96: ='📊 Risco por Setor'!$A$9 -> 0 | B96: ='📊 Risco por Setor'!B45 -> Relações Sociais e Liderança | C96: =IFERROR('📊 Risco por Setor'!E45,"") -> 0 | D96: =IFERROR('📊 Risco por Setor'!F45,"") -> Baixo | E96: Criar canal de escuta ativa líder-colaborador (1-on-1) | F96: Agenda quinzenal de 20 min líder-colaborador → registro de temas → follow-up de ações | G96: Gestão Imediata | H96: 15 dias | I96: % 1-on-1 realizados vs planejados | J96: Pendente
A97: ='📊 Risco por Setor'!$A$9 -> 0 | B97: ='📊 Risco por Setor'!B46 -> Personalidade / Valores | C97: =IFERROR('📊 Risco por Setor'!E46,"") -> 0 | D97: =IFERROR('📊 Risco por Setor'!F46,"") -> Baixo | E97: Promover workshop de cultura e valores organizacionais | F97: Facilitação IntegraPsi (4h) → construção coletiva de valores → publicação em mural e digital | G97: IntegraPsi + RH | H97: 45 dias | I97: % colaboradores participantes | J97: Pendente
A98: ='📊 Risco por Setor'!$A$9 -> 0 | B98: ='📊 Risco por Setor'!B46 -> Personalidade / Valores | C98: =IFERROR('📊 Risco por Setor'!E46,"") -> 0 | D98: =IFERROR('📊 Risco por Setor'!F46,"") -> Baixo | E98: Criar protocolo formal de resolução de conflitos | F98: Definir fluxo de mediação → designar responsável → registrar e monitorar ocorrências | G98: RH + IntegraPsi | H98: 30 dias | I98: Nº conflitos registrados e mediados | J98: Pendente
A99: ='📊 Risco por Setor'!$A$9 -> 0 | B99: ='📊 Risco por Setor'!B46 -> Personalidade / Valores | C99: =IFERROR('📊 Risco por Setor'!E46,"") -> 0 | D99: =IFERROR('📊 Risco por Setor'!F46,"") -> Baixo | E99: Implantar política de equidade na distribuição de tarefas | F99: Mapeamento de carga por colaborador → redistribuição → revisão trimestral com time | G99: Gestão Imediata + RH | H99: 30 dias | I99: Índice de percepção de equidade (pesquisa) | J99: Pendente
A100: ='📊 Risco por Setor'!$A$9 -> 0 | B100: ='📊 Risco por Setor'!B47 -> Interface Indivíduo-Trabalho | C100: =IFERROR('📊 Risco por Setor'!E47,"") -> 0 | D100: =IFERROR('📊 Risco por Setor'!F47,"") -> Baixo | E100: Realizar entrevistas de alinhamento de expectativas e carreira | F100: Entrevista individual (IntegraPsi) com cada colaborador → relatório de expectativas → PDI | G100: IntegraPsi + RH | H100: 60 dias | I100: % PDIs elaborados | J100: Pendente
...

Sheet 📌 Legenda
A1: 📌 LEGENDA – CLASSIFICAÇÃO E METODOLOGIA
A3: Nível | B3: Faixa | C3: Descrição
A4: Baixo | B4: 0% – 24% | C4: Monitorar periodicamente. Risco sob controle.
A5: Moderado | B5: 25% – 49% | C5: Planejar intervenções preventivas no curto prazo.
A6: Alto | B6: 50% – 74% | C6: Intervenção prioritária. Risco impacta performance e saúde.
A7: Crítico | B7: 75%+ | C7: Ação imediata obrigatória. Risco grave. NR-01 art. 6.
A9: METODOLOGIA
A10: Instrumento: COPSOQ II – Copenhagen Psychosocial Questionnaire (adaptado)
A11: Escala de resposta: 5 pontos | Nunca/Quase nunca (1) → Sempre (5)
A12: Conversão de risco – item negativo: (score - 1) / 4 × 100
A13: Conversão de risco – item positivo: (5 - score) / 4 × 100
A14: Score do fator = média aritmética de todos os itens do fator
A15: Risco do fator = média aritmética dos riscos individuais de cada item
A16: Base legal: NR-01 Portaria MTE 1.419/2024 – Gerenciamento de Riscos Psicossociais
A17: Produzido por: IntegraPsi Consultoria Ltda | Érika Coelho | CRP 04/78000
